Material,Supplier,Desciption,Itemcode,Thickness,CTE1,CTE2,Modulus1,Modulus2,Tg(TMA),Density,Poisson,Measurement
CCL,DS,DS-7409HGB,,30,14,18,21,11,210,1.5,0.185,Supplier
CCL,DS,DS-7409HGB,,35,15,19,21,11,210,1.5,0.185,Supplier
CCL,DS,DS-7409HGB,,50,13,16,23,12,210,1.5,0.185,Supplier
CCL,DS,DS-7409HGB,,100,13,16,26,15,210,1.5,0.185,Supplier
CCL,DS,DS-7409HGB,,150,13,16,27,16,210,1.5,0.185,Supplier
CCL,DS,DS-7409HGB,,200,13,16,28,17,210,1.5,0.185,Supplier
CCL,DS,DS-7409HGB,,250,13,16,29,18,210,1.5,0.185,Supplier
CCL,DS,DS-7409HGB,,300,13,16,29,18,210,1.5,0.185,Supplier
CCL,DS,DS-7409HGB,,320,13,16,29,18,210,1.5,0.185,Supplier
CCL,DS,DS-7409HGB,,350,13,16,29,18,210,1.5,0.185,Supplier
CCL,DS,DS-7409HGB,,400,13,16,32,20,210,1.5,0.185,Supplier
CCL,DS,DS-7409HGB,,500,13,16,33,21,210,1.5,0.185,Supplier
CCL,DS,DS-7409HGB(M),,39,15,19,22,10,210,1.5,0.185,Supplier
CCL,DS,DS-7409HGB(M),,40,15,19,23,12,210,1.5,0.185,Supplier
CCL,DS,DS-7409HGB(M),,50,14,19,24,13,210,1.5,0.185,Supplier
CCL,DS,DS-7409HGB(M),,59,14,18,24,13,210,1.5,0.185,Supplier
CCL,DS,DS-7409HGB(M),,60,14,18,25,14,210,1.5,0.185,Supplier
CCL,DS,DS-7409HGB(M),,80,15,19,20,10,210,1.5,0.185,Supplier
CCL,DS,DS-7409HGB(M),,100,13,16,27,16,210,1.5,0.185,Supplier
CCL,DS,DS-7409HGB(M),,130,13,16,27,16,210,1.5,0.185,Supplier
CCL,DS,DS-7409HGB(M),,150,13,16,28,17,210,1.5,0.185,Supplier
CCL,DS,DS-7409HGB(M),,200,13,16,29,18,210,1.5,0.185,Supplier
CCL,DS,DS-7409HGB GEQ,,100,16,11,18,9,180,1.5,0.19,Supplier
CCL,DS,DS-7409HGB GEQ,,200,16,11,19,10,180,1.5,0.19,Supplier
CCL,DS,DS-7409HGB GEQ(M),,100,18,13,16,8,180,1.5,0.19,Supplier
CCL,DS,DS-7409HGB GEQ(M),,160,18,13,16,8,180,1.5,0.19,Supplier
CCL,DS,DS-7409HGB GEQ(M),,199,18,13,17,9,180,1.5,0.19,Supplier
CCL,DS,DS-7409HGB GEQ(M),,200,18,13,17,9,180,1.5,0.19,Supplier
CCL,DS,DS-7409HGB GEQ(M),,250,17,12,20,10,180,1.5,0.19,Supplier
CCL,DS,DS-7402 HFE,,150,13,16,28,17,200,1.5,0.185,Supplier
CCL,DS,DS-7402 HFE,,400,13,16,36,23,200,1.5,0.185,Supplier
CCL,DS,DS-7409HGB S,,35,12,15,22,12,230,1.5,0.195,Supplier
CCL,DS,DS-7409HGB S,,50,10,13,24,13,230,1.5,0.195,Supplier
CCL,DS,DS-7409HGB S,,100,10,13,27,16,230,1.5,0.195,Supplier
CCL,DS,DS-7409HGB S,,200,10,13,29,18,230,1.5,0.195,Supplier
CCL,DS,DS-7409HGB S,,250,10,13,30,18,230,1.5,0.195,Supplier
CCL,DS,DS-7409HGB S,,300,10,13,30,18,230,1.5,0.195,Supplier
CCL,DS,DS-7409HGB S,,400,10,13,31,19,230,1.5,0.195,Supplier
CCL,DS,DS-7409HGB S(M),,30,13,16,21,11,230,1.5,0.195,Supplier
CCL,DS,DS-7409HGB S(M),,39,12,15,23,12,230,1.5,0.195,Supplier
CCL,DS,DS-7409HGB S(M),,40,12,15,24,13,230,1.5,0.195,Supplier
CCL,DS,DS-7409HGB S(M),,50,11,14,25,14,230,1.5,0.195,Supplier
CCL,DS,DS-7409HGB S(M),,59,11,14,25,14,230,1.5,0.195,Supplier
CCL,DS,DS-7409HGB S(M),,60,11,14,26,15,230,1.5,0.195,Supplier
CCL,DS,DS-7409HGB S(M),,80,11,14,27,16,230,1.5,0.195,Supplier
CCL,DS,DS-7409HGB S(M),,100,10,13,28,17,230,1.5,0.195,Supplier
CCL,DS,DS-7409HGB S(M),,130,10,13,28,17,230,1.5,0.195,Supplier
CCL,DS,DS-7409HGB S(M),,150,10,13,29,18,230,1.5,0.195,Supplier
CCL,DS,DS-7409HGB S(M),,200,10,13,30,19,230,1.5,0.195,Supplier
CCL,DS,DS-7409HGB LE,,30,11,14,22,12,210,1.5,0.2,Supplier
CCL,DS,DS-7409HGB LE,,35,11,14,22,12,210,1.5,0.2,Supplier
CCL,DS,DS-7409HGB LE,,40,11,14,23,13,210,1.5,0.2,Supplier
CCL,DS,DS-7409HGB LE,,100,8,11,27,16,210,1.5,0.2,Supplier
CCL,DS,DS-7409HGB LE(M),,39,12,15,23,12,210,1.5,0.2,Supplier
CCL,DS,DS-7409HGB LE(M),,40,12,15,24,13,210,1.5,0.2,Supplier
CCL,DS,DS-7409HGB LE(M),,50,10,13,25,14,210,1.5,0.2,Supplier
CCL,DS,DS-7409HGB LE(M),,59,10,13,25,14,210,1.5,0.2,Supplier
CCL,DS,DS-7409HGB LE(M),,60,11,14,26,15,210,1.5,0.2,Supplier
CCL,DS,DS-7409HGB LE(M),,70,11,14,25,14,210,1.5,0.2,Supplier
CCL,DS,DS-7409HGB LE(M),,100,8,11,28,17,210,1.5,0.2,Supplier
CCL,DS,DS-7409HGB LE(M),,115,10,13,29,18,210,1.5,0.2,Supplier
CCL,DS,DS-7409HGB LE(M),,150,8,11,29,18,210,1.5,0.2,Supplier
CCL,DS,DS-7409HGB LE(M),,200,8,11,30,18,210,1.5,0.2,Supplier
CCL,DS,DS-7409HGB LE(M),,250,8,11,31,19,210,1.5,0.2,Supplier
CCL,DS,DS-7409HGB L,,39,8,11,24,13,210,1.5,0.2,Supplier
CCL,DS,DS-7409HGB L,,40,9,12,24,13,210,1.5,0.2,Supplier
CCL,DS,DS-7409HGB L,,60,7,10,25,14,210,1.5,0.2,Supplier
CCL,DS,DS-7409HGB L,,100,7,10,27,16,210,1.5,0.2,Supplier
CCL,DS,DS-7409HGB L,,130,8,11,28,17,210,1.5,0.2,Supplier
CCL,DS,DS-7409HGB L,,200,7,10,29,18,210,1.5,0.2,Supplier
CCL,DS,DS-7409HGB L(M),,60,8,11,26,15,210,1.5,0.2,Supplier
CCL,DS,DS-7409HGB L(M),,100,7,10,28,17,210,1.5,0.2,Supplier
CCL,DS,DS-7409HGB L(M),,150,7,10,29,18,210,1.5,0.2,Supplier
CCL,DS,DS-7409HGB X,,30,7,10,23,13,230,1.5,0.195,Supplier
CCL,DS,DS-7409HGB X,,30,7,10,23,13,230,1.5,0.195,Supplier
CCL,DS,DS-7409HGB X,,35,7,10,22,12,230,1.5,0.195,Supplier
CCL,DS,DS-7409HGB X,,39,7,10,24,15,230,1.5,0.195,Supplier
CCL,DS,DS-7409HGB X,,40,7,10,25,15,230,1.5,0.195,Supplier
CCL,DS,DS-7409HGB X,,50,6,9,26,15,230,1.5,0.195,Supplier
CCL,DS,DS-7409HGB X,,59,6,9,27,16,230,1.5,0.195,Supplier
CCL,DS,DS-7409HGB X,,60,6,9,27,16,230,1.5,0.195,Supplier
CCL,DS,DS-7409HGB X,,100,5,8,29,18,230,1.5,0.195,Supplier
CCL,DS,DS-7409HGB X,,200,5,8,31,20,230,1.5,0.195,Supplier
CCL,DS,DS-7409HGB X(M),,39,7,10,26,15,230,1.5,0.195,Supplier
CCL,DS,DS-7409HGB X(M),,60,6,9,28,17,230,1.5,0.195,Supplier
CCL,DS,DS-7409HGB X(M),,110,5,8,29,18,230,1.5,0.195,Supplier
CCL,DS,DS-7409HGB X(M),,150,5,8,31,20,230,1.5,0.195,Supplier
CCL,DS,DS-7409HGB XE,,59,8,11,25,15,230,1.5,0.195,Supplier
CCL,DS,DS-7409HGB XE,,100,8,11,28,17,230,1.5,0.195,Supplier
CCL,DS,DS-7409HGB XE,,200,8,11,30,19,230,1.5,0.195,Supplier
CCL,DS,DS-7409HGB XE(M),,39,10,13,24,14,230,1.5,0.195,Supplier
CCL,DS,DS-7409HGB XE(M),,40,10,13,25,15,230,1.5,0.195,Supplier
CCL,DS,DS-7409HGB XE(M),,59,9,12,25,15,230,1.5,0.195,Supplier
CCL,DS,DS-7409HGB XE(M),,65,9,12,27,16,230,1.5,0.195,Supplier
CCL,DS,DS-7409HGB JE,,30,10,13,25,15,230,1.5,0.19,Supplier
CCL,DS,DS-7409HGB JE,,35,9,12,25,15,230,1.5,0.19,Supplier
CCL,DS,DS-7409HGB JE,,50,7,10,27,16,230,1.5,0.19,Supplier
CCL,DS,DS-7409HGB JE,,100,7,10,30,19,230,1.5,0.19,Supplier
CCL,DS,DS-7409HGB JE,,200,7,10,32,20,230,1.5,0.19,Supplier
CCL,DS,DS-7409HGB JE(M),,39,9,12,26,15,230,1.5,0.19,Supplier
CCL,DS,DS-7409HGB JE(M),,40,9,12,27,15,230,1.5,0.19,Supplier
CCL,DS,DS-7409HGB JE(M),,60,8,11,29,18,230,1.5,0.19,Supplier
CCL,DS,DS-7409HGB JE(M),,150,7,10,32,20,230,1.5,0.19,Supplier
CCL,DS,DS-7409HGB J,,35,6,9,25,15,230,1.5,0.19,Supplier
CCL,DS,DS-7409HGB J,,39,6,9,26,15,230,1.5,0.19,Supplier
CCL,DS,DS-7409HGB J,,40,6,9,27,16,230,1.5,0.19,Supplier
CCL,DS,DS-7409HGB J,,59,5,8,29,18,230,1.5,0.19,Supplier
CCL,DS,DS-7409HGB J,,60,5,8,29,18,230,1.5,0.19,Supplier
CCL,DS,DS-7409HGB J,,100,4,7,31,20,230,1.5,0.19,Supplier
CCL,DS,DS-7409HGB J,,200,4,7,33,21,230,1.5,0.19,Supplier
CCL,DS,DS-7409HGB J,,215,4,7,33,21,230,1.5,0.19,Supplier
CCL,DS,DS-7409HG JQ,,40,9,12,24,15,230,1.5,0.185,Supplier
CCL,DS,DS-7409HG JQ,,60,9,12,25,16,230,1.5,0.185,Supplier
CCL,DS,DS-7409HG JQ,,200,7,10,28,19,230,1.5,0.185,Supplier
CCL,DS,DS-7409HG JQ,,400,7,10,30,21,230,1.5,0.185,Supplier
CCL,DS,DS-7409HGB I,,35,5,7,24,15,240,1.5,0.194,Supplier
CCL,DS,DS-7409HGB I,,39,5,7,25,16,240,1.5,0.194,Supplier
CCL,DS,DS-7409HGB I,,40,5,7,26,17,240,1.5,0.194,Supplier
CCL,DS,DS-7409HGB I,,59,4,6,28,19,240,1.5,0.194,Supplier
CCL,DS,DS-7409HGB I,,60,4,6,28,19,240,1.5,0.194,Supplier
CCL,DS,DS-7409HGB I(M),,39,6,8,22,14,240,1.5,0.194,Supplier
CCL,DS,DS-7409HGB I(M),,40,6,8,22,14,240,1.5,0.194,Supplier
CCL,DS,DS-7409HGB Z,,30,7,9,20,12,240,1.5,0.194,Supplier
CCL,DS,DS-7409HGB Z,,35,4,6,24,15,240,1.5,0.194,Supplier
CCL,DS,DS-7409HGB Z,,39,4,6,25,16,240,1.5,0.194,Supplier
CCL,DS,DS-7409HGB Z,,40,4,6,26,17,240,1.5,0.194,Supplier
CCL,DS,DS-7409HGB Z,,59,3,5,28,19,240,1.5,0.194,Supplier
CCL,DS,DS-7409HGB Z,,60,3,5,28,19,240,1.5,0.194,Supplier
CCL,DS,DS-7409HG ZLE,,100,5,8,32,25,270,1.5,0.19,Supplier
CCL,DS,DS-7409HG ZLE,,200,5,8,34,27,270,1.5,0.19,Supplier
CCL,DS,DS-7409HG ZLE,,250,5,8,35,28,270,1.5,0.19,Supplier
CCL,DS,DS-7409HG ZLE,,300,5,8,35,27,270,1.5,0.19,Supplier
CCL,DS,DS-7409HG ZLE,,500,5,8,38,30,270,1.5,0.19,Supplier
CCL,DS,DS-7409HG ZLE(M),,39,7,10,28,22,270,1.5,0.19,Supplier
CCL,DS,DS-7409HG ZLE(M),,40,7,10,29,23,270,1.5,0.19,Supplier
CCL,DS,DS-7409HG ZLE(M),,50,6,9,30,24,270,1.5,0.19,Supplier
CCL,DS,DS-7409HG ZLE(M),,60,6,9,31,25,270,1.5,0.19,Supplier
CCL,DS,DS-7409HG ZL,,30,4,6,26,20,270,1.5,0.19,Supplier
CCL,DS,DS-7409HG ZL,,39,4,6,28,22,270,1.5,0.19,Supplier
CCL,DS,DS-7409HG ZL,,40,4,6,28,22,270,1.5,0.19,Supplier
CCL,DS,DS-7409HG ZL,,60,4,6,30,24,270,1.5,0.19,Supplier
CCL,DS,DS-7409HG ZL,,60,3,5,31,25,270,1.5,0.19,Supplier
CCL,DS,DS-7409HG ZL,,100,2,4,33,26,270,1.5,0.19,Supplier
CCL,DS,DS-7409HG ZL,,200,2,4,35,28,270,1.5,0.19,Supplier
CCL,DS,DS-7409HG ZQ,,39,4,5,18,12,250,1.5,0.16,Supplier
CCL,DS,DS-7409HG ZQ(M),,100,2,3,28,21,250,1.5,0.16,Supplier
CCL,DS,DS-7409HG ZS,,39,4,5,26,22,250,1.5,0.194,Supplier
CCL,DS,DS-7409HG ZS,,60,3,4,29,23,250,1.5,0.194,Supplier
CCL,DS,DS-7409HG ZS,,80,3,4,30,19,250,1.5,0.194,Supplier
CCL,DS,DS-7409HG ZS,,100,2,3,31,25,250,1.5,0.194,Supplier
CCL,DS,DS-7409HG ZS,,150,2,3,32,26,250,1.5,0.194,Supplier
CCL,DS,DS-7409HG ZS,,200,2,3,33,27,250,1.5,0.194,Supplier
CCL,DS,DS-7409HG ZS,,400,2,3,36,30,250,1.5,0.194,Supplier
CCL,DS,DS-7409HG ZU,,30,4,5,27,21,250,1.5,0.194,Supplier
CCL,DS,DS-7409HG ZU,,35,4,5,28,22,250,1.5,0.194,Supplier
CCL,DS,DS-7409HG ZU,,170,3,4,31,24,250,1.5,0.194,Supplier
CCL,DS,DS-7409HG IQ,,40,9,12,24,15,230,1.5,0.185,Supplier
CCL,DS,DS-7409HG IQ,,60,9,12,25,16,230,1.5,0.185,Supplier
CCL,DS,DS-7409HG IQ,,100,7,10,27,18,230,1.5,0.185,Supplier
CCL,DS,DS-7409HG IQ,,200,7,10,28,19,230,1.5,0.185,Supplier
CCL,DS,DS-7409HG IQ,,400,7,10,30,21,230,1.5,0.185,Supplier
CCL,DS,DS-7409HG IQ,,800,7,10,32,23,230,1.5,0.185,Supplier
CCL,DS,DS-7409HG IQL,,200,4,6,30,21,230,1.5,0.185,Supplier
CCL,DS,DS-7409HG IQL,,200,4,6,32,23,230,1.5,0.185,Supplier
CCL,DS,DS-7409HG FQ,,30,5,2,18,10,170,1.5,0.16,Supplier
CCL,DS,DS-7409HG FQ,,35,5,2,17,9,170,1.5,0.16,Supplier
CCL,DS,DS-7409HG FQ,,39,5,2,18,10,170,1.5,0.16,Supplier
CCL,DS,DS-7409HG FQ,,60,4,2,21,11,170,1.5,0.16,Supplier
CCL,DS,DS-7409HG FU,,30,4,2,21,11,150,1.5,0.16,Supplier
CCL,DS,DS-7409HG FU,,35,4,2,22,11,150,1.5,0.16,Supplier
CCL,DS,DS-7409HG KN,,40,12,10,18,9,220,1.5,0.185,Supplier
CCL,DS,DS-7409HG KN,,60,12,10,19,10,220,1.5,0.185,Supplier
CCL,DS,DS-7409HG KN,,100,10,8,19,10,220,1.5,0.185,Supplier
CCL,DS,DS-7409HG KN,,150,10,8,20,12,220,1.5,0.185,Supplier
CCL,DS,DS-7409HG KN,,200,10,8,20,11,220,1.5,0.185,Supplier
CCL,DS,DS-7409HG KN,,300,10,8,22,13,220,1.5,0.185,Supplier
CCL,DS,DS-7409HG KN,,400,10,8,24,14,220,1.5,0.185,Supplier
CCL,DS,DS-7409HG KN,,450,10,8,23,13,220,1.5,0.185,Supplier
CCL,DS,DS-7409HG KN,,500,10,8,26,16,220,1.5,0.185,Supplier
CCL,DS,DS-7409HG KNE,,150,10,8,21,13,220,1.5,0.185,Supplier
CCL,DS,DS-7409HG KNE,,450,10,8,25,15,220,1.5,0.185,Supplier
CCL,DS,DS-7409HG KU,,100,10,8,19,10,210,1.5,0.185,Supplier
CCL,DS,DS-7409HG KU,,60,11,9,19,10,210,1.5,0.185,Supplier
CCL,DS,DS-7402HDB,,39,13,6,19,10,180,1.5,0.2,Supplier
CCL,DS,DS-7402HDB,,210,13,6,21,11,180,1.5,0.2,Supplier
CCL,DS,DS-7402HDB(M),,59,16,9,17,9,180,1.5,0.2,Supplier
CCL,DS,DS-7402HDB(M),,80,14,7,18,10,180,1.5,0.2,Supplier
CCL,DS,DS-7402HDB(M),,90,14,7,17,9,180,1.5,0.2,Supplier
CCL,DS,DS-7402HDB(M),,100,15,8,17,9,180,1.5,0.2,Supplier
CCL,DS,DS-7402HDB(M),,110,14,7,16,8,180,1.5,0.2,Supplier
CCL,DS,DS-7402HDB(M),,130,14,8,18,10,180,1.5,0.2,Supplier
CCL,DS,DS-7402HDB(M),,150,15,8,17,9,180,1.5,0.2,Supplier
CCL,DS,DS-7402HDB(M),,215,15,8,18,10,180,1.5,0.2,Supplier
CCL,DS,DS-7402HDB(M),,215,15,8,18,10,180,1.5,0.2,Supplier
CCL,DS,DS-7402HDEB,,40,14,7,19,10,180,1.5,0.2,Supplier
CCL,DS,DS-7402HDEB,,60,16,9,17,9,180,1.5,0.2,Supplier
CCL,DS,DS-7402HDEB,,80,14,7,19,10,180,1.5,0.2,Supplier
PPG,DS,DS-7409HG(GN72),,18,16,20,16,8,210,1.5,0.185,Supplier
PPG,DS,DS-7409HG(GN74),,20,16,20,16,8,210,1.5,0.185,Supplier
PPG,DS,DS-7409HG(GM66),,22,14,18,18,9,210,1.5,0.185,Supplier
PPG,DS,DS-7409HG(GN76),,22,16,20,16,8,210,1.5,0.185,Supplier
PPG,DS,DS-7409HG(GM69),,25,15,19,17,8,210,1.5,0.185,Supplier
PPG,DS,DS-7409HG(GN78),,25,17,21,15,7,210,1.5,0.185,Supplier
PPG,DS,DS-7409HG(GM71),,28,15,19,17,8,210,1.5,0.185,Supplier
PPG,DS,DS-7409HG(GO71),,30,15,19,18,9,210,1.5,0.185,Supplier
PPG,DS,DS-7409HG(GO73),,32,16,20,17,8,210,1.5,0.185,Supplier
PPG,DS,DS-7409HG(GO75),,35,16,20,17,8,210,1.5,0.185,Supplier
PPG,DS,DS-7409HG(GQ71),,40,15,19,19,10,210,1.5,0.185,Supplier
PPG,DS,DS-7409HG(GQ74),,45,16,20,18,9,210,1.5,0.185,Supplier
PPG,DS,DS-7409HG(GQ76),,50,16,20,18,9,210,1.5,0.185,Supplier
PPG,DS,DS-7409HG(GQ78),,55,17,21,17,8,210,1.5,0.185,Supplier
PPG,DS,DS-7409HG(GR74),,60,16,20,19,10,210,1.5,0.185,Supplier
PPG,DS,DS-7409HG(GV64),,65,14,18,21,11,210,1.5,0.185,Supplier
PPG,DS,DS-7409HG(GR76),,65,16,20,19,10,210,1.5,0.185,Supplier
PPG,DS,DS-7409HG(GV67),,70,15,19,21,11,210,1.5,0.185,Supplier
PPG,DS,DS-7409HG(GDD67),,80,15,19,23,12,210,1.5,0.185,Supplier
PPG,DS,DS-7409HG(GV70),,85,16,20,21,11,210,1.5,0.185,Supplier
PPG,DS,DS-7409HG(GDD71),,95,16,20,22,12,210,1.5,0.185,Supplier
PPG,DS,DS-7409HG(GD57),,100,13,17,25,14,210,1.5,0.185,Supplier
PPG,DS,DS-7409HG(GD59),,110,14,18,24,13,210,1.5,0.185,Supplier
PPG,DS,DS-7409HG(GD61),,115,14,18,24,13,210,1.5,0.185,Supplier
PPG,DS,DS-7409HG(GD63),,125,14,18,24,13,210,1.5,0.185,Supplier
PPG,DS,DS-7409HG(SHH74),,16,13,17,15,7,230,1.5,0.195,Supplier
PPG,DS,DS-7409HG(SGG74),,18,13,17,16,8,230,1.5,0.195,Supplier
PPG,DS,DS-7409HG(SHH76),,18,14,18,14,7,230,1.5,0.195,Supplier
PPG,DS,DS-7409HG(SHH78),,20,14,18,14,7,230,1.5,0.195,Supplier
PPG,DS,DS-7409HG(SN70),,18,13,16,17,8,230,1.5,0.195,Supplier
PPG,DS,DS-7409HG(SN72),,18,13,16,17,8,230,1.5,0.195,Supplier
PPG,DS,DS-7409HG(SN74),,20,13,16,17,8,230,1.5,0.195,Supplier
PPG,DS,DS-7409HG(SM68),,22,12,15,18,9,230,1.5,0.195,Supplier
PPG,DS,DS-7409HG(SW78),,22,14,18,16,8,230,1.5,0.195,Supplier
PPG,DS,DS-7409HG(SGG80),,22,14,18,15,7,230,1.5,0.195,Supplier
PPG,DS,DS-7409HG(SM71),,25,13,16,18,9,230,1.5,0.195,Supplier
PPG,DS,DS-7409HG(SN80),,28,14,18,16,8,230,1.5,0.195,Supplier
PPG,DS,DS-7409HG(SQ66),,30,12,15,22,12,230,1.5,0.195,Supplier
PPG,DS,DS-7409HG(SM75),,30,13,16,18,9,230,1.5,0.195,Supplier
PPG,DS,DS-7409HG(SO72),,30,13,16,19,10,230,1.5,0.195,Supplier
PPG,DS,DS-7409HG(SO75),,35,13,16,20,10,230,1.5,0.195,Supplier
PPG,DS,DS-7409HG(SQ73),,40,13,16,21,11,230,1.5,0.195,Supplier
PPG,DS,DS-7409HG(SP66),,40,12,15,24,13,230,1.5,0.195,Supplier
PPG,DS,DS-7409HG(SQ76),,45,14,18,21,11,230,1.5,0.195,Supplier
PPG,DS,DS-7409HG(SP69),,45,12,15,24,13,230,1.5,0.195,Supplier
PPG,DS,DS-7409HG(SP71),,50,13,16,24,13,230,1.5,0.195,Supplier
PPG,DS,DS-7409HG(SR73),,55,13,16,24,13,230,1.5,0.195,Supplier
PPG,DS,DS-7409HG(SR75),,60,13,16,24,13,230,1.5,0.195,Supplier
PPG,DS,DS-7409HG(SR77),,65,14,18,23,12,230,1.5,0.195,Supplier
PPG,DS,DS-7409HG(SV68),,70,12,15,25,14,230,1.5,0.195,Supplier
PPG,DS,DS-7409HG(SV71),,75,13,16,25,14,230,1.5,0.195,Supplier
PPG,DS,DS-7409HG(SDD68),,80,12,15,26,15,230,1.5,0.195,Supplier
PPG,DS,DS-7409HG(SDD70),,85,13,16,25,14,230,1.5,0.195,Supplier
PPG,DS,DS-7409HG(LEGG74),,18,13,16,16,8,210,1.5,0.2,Supplier
PPG,DS,DS-7409HG(LEN74),,18,13,16,17,8,210,1.5,0.2,Supplier
PPG,DS,DS-7409HG(LEGG76),,20,14,18,15,7,210,1.5,0.2,Supplier
PPG,DS,DS-7409HG(LEM68),,22,12,15,18,9,210,1.5,0.2,Supplier
PPG,DS,DS-7409HG(LEW78),,22,14,18,16,8,210,1.5,0.2,Supplier
PPG,DS,DS-7409HG(LEN76),,22,14,18,17,8,210,1.5,0.2,Supplier
PPG,DS,DS-7409HG(LEM71),,25,13,16,18,9,210,1.5,0.2,Supplier
PPG,DS,DS-7409HG(LEN78),,25,14,18,16,8,210,1.5,0.2,Supplier
PPG,DS,DS-7409HG(LEN80),,28,15,19,16,8,210,1.5,0.2,Supplier
PPG,DS,DS-7409HG(LEM74),,30,13,16,17,8,210,1.5,0.2,Supplier
PPG,DS,DS-7409HG(LEU66),,30,12,15,22,12,210,1.5,0.2,Supplier
PPG,DS,DS-7409HG(LEO72),,30,13,16,19,10,210,1.5,0.2,Supplier
PPG,DS,DS-7409HG(LEM79),,35,14,18,17,8,210,1.5,0.2,Supplier
PPG,DS,DS-7409HG(LEU70),,35,13,16,21,11,210,1.5,0.2,Supplier
PPG,DS,DS-7409HG(LEQ73),,40,13,16,21,11,210,1.5,0.2,Supplier
PPG,DS,DS-7409HG(LEP66),,40,12,15,24,13,210,1.5,0.2,Supplier
PPG,DS,DS-7409HG(LEM81),,45,15,19,17,8,210,1.5,0.2,Supplier
PPG,DS,DS-7409HG(LEQ76),,45,14,18,21,11,210,1.5,0.2,Supplier
PPG,DS,DS-7409HG(LEP69),,45,12,15,24,13,210,1.5,0.2,Supplier
PPG,DS,DS-7409HG(LEP71),,50,13,16,23,12,210,1.5,0.2,Supplier
PPG,DS,DS-7409HG(LER73),,55,13,16,24,13,210,1.5,0.2,Supplier
PPG,DS,DS-7409HG(LER75),,60,14,18,24,13,210,1.5,0.2,Supplier
PPG,DS,DS-7409HG(LEP74),,60,14,18,24,13,210,1.5,0.2,Supplier
PPG,DS,DS-7409HG(LEV64),,60,12,15,25,14,210,1.5,0.2,Supplier
PPG,DS,DS-7409HG(LEV67),,65,12,15,25,14,210,1.5,0.2,Supplier
PPG,DS,DS-7409HG(LER78),,70,14,18,23,12,210,1.5,0.2,Supplier
PPG,DS,DS-7409HG(LEV69),,70,12,15,25,14,210,1.5,0.2,Supplier
PPG,DS,DS-7409HG(LEV71),,75,13,16,25,14,210,1.5,0.2,Supplier
PPG,DS,DS-7409HG(LEDD68),,80,12,15,26,15,210,1.5,0.2,Supplier
PPG,DS,DS-7409HG(LEDD70),,85,13,16,25,14,210,1.5,0.2,Supplier
PPG,DS,DS-7409HG(LEDD72),,90,13,16,25,14,210,1.5,0.2,Supplier
PPG,DS,DS-7409HG(LEC63),,95,11,14,26,15,210,1.5,0.2,Supplier
PPG,DS,DS-7409HG(LED58),,100,11,14,27,16,210,1.5,0.2,Supplier
PPG,DS,DS-7409HG(LED62),,110,11,14,26,15,210,1.5,0.2,Supplier
PPG,DS,DS-7409HG(LED64),,115,11,14,26,15,210,1.5,0.2,Supplier
PPG,DS,DS-7409HG(LN75),,20,11,14,18,9,210,1.5,0.2,Supplier
PPG,DS,DS-7409HG(LN78),,25,11,14,17,8,210,1.5,0.2,Supplier
PPG,DS,DS-7409HG(LN80),,28,12,15,17,8,210,1.5,0.2,Supplier
PPG,DS,DS-7409HG(LS64),,30,9,12,21,11,210,1.5,0.2,Supplier
PPG,DS,DS-7409HG(LK69),,32,9,12,20,10,210,1.5,0.2,Supplier
PPG,DS,DS-7409HG(LS71),,40,10,13,22,12,210,1.5,0.2,Supplier
PPG,DS,DS-7409HG(LS74),,45,11,14,22,12,210,1.5,0.2,Supplier
PPG,DS,DS-7409HG(LV68),,70,9,12,26,15,210,1.5,0.2,Supplier
PPG,DS,DS-7409HG(XPP72),,15,9,12,17,9,230,1.5,0.195,Supplier
PPG,DS,DS-7409HG(XPP74),,16,9,12,17,9,230,1.5,0.195,Supplier
PPG,DS,DS-7409HG(XGG72),,16,9,12,19,10,230,1.5,0.195,Supplier
PPG,DS,DS-7409HG(XGG74),,18,9,12,19,10,230,1.5,0.195,Supplier
PPG,DS,DS-7409HG(XHH73),,16,9,12,18,10,230,1.5,0.195,Supplier
PPG,DS,DS-7409HG(XHH76),,18,8,11,18,10,230,1.5,0.195,Supplier
PPG,DS,DS-7409HG(XN70),,18,8,11,21,12,230,1.5,0.195,Supplier
PPG,DS,DS-7409HG(XN73),,20,9,12,21,12,230,1.5,0.195,Supplier
PPG,DS,DS-7409HG(XN75),,20,9,12,21,12,230,1.5,0.195,Supplier
PPG,DS,DS-7409HG(XN78),,25,10,13,19,10,230,1.5,0.195,Supplier
PPG,DS,DS-7409HG(XN80),,30,10,13,19,10,230,1.5,0.195,Supplier
PPG,DS,DS-7409HG(XK67),,30,8,11,22,13,230,1.5,0.195,Supplier
PPG,DS,DS-7409HG(XK71),,35,9,12,22,13,230,1.5,0.195,Supplier
PPG,DS,DS-7409HG(XS67),,35,8,11,23,13,230,1.5,0.195,Supplier
PPG,DS,DS-7409HG(XS70),,40,8,11,23,13,230,1.5,0.195,Supplier
PPG,DS,DS-7409HG(XP66),,45,8,11,24,14,230,1.5,0.195,Supplier
PPG,DS,DS-7409HG(XS73),,45,9,12,23,13,230,1.5,0.195,Supplier
PPG,DS,DS-7409HG(XP69),,45,9,12,25,15,230,1.5,0.195,Supplier
PPG,DS,DS-7409HG(XP71),,50,9,12,25,15,230,1.5,0.195,Supplier
PPG,DS,DS-7409HG(XP74),,55,9,12,25,15,230,1.5,0.195,Supplier
PPG,DS,DS-7409HG(XV62),,60,7,10,27,16,230,1.5,0.195,Supplier
PPG,DS,DS-7409HG(XV67),,70,8,11,26,15,230,1.5,0.195,Supplier
PPG,DS,DS-7409HG(XV69),,75,8,11,26,15,230,1.5,0.195,Supplier
PPG,DS,DS-7409HG(XX68),,80,8,11,27,16,230,1.5,0.195,Supplier
PPG,DS,DS-7409HG(XEGG74),,18,12,15,18,9,230,1.5,0.195,Supplier
PPG,DS,DS-7409HG(XEN70),,18,11,14,20,11,230,1.5,0.195,Supplier
PPG,DS,DS-7409HG(XEN73),,20,12,15,19,10,230,1.5,0.195,Supplier
PPG,DS,DS-7409HG(XEN75),,22,12,15,19,10,230,1.5,0.195,Supplier
PPG,DS,DS-7409HG(XEN78),,25,13,16,18,9,230,1.5,0.195,Supplier
PPG,DS,DS-7409HG(XEN80),,30,13,16,18,9,230,1.5,0.195,Supplier
PPG,DS,DS-7409HG(JN74),,20,8,11,21,12,230,1.5,0.19,Supplier
PPG,DS,DS-7409HG(JN76),,22,8,11,21,12,230,1.5,0.19,Supplier
PPG,DS,DS-7409HG(JN79),,25,9,12,20,11,230,1.5,0.19,Supplier
PPG,DS,DS-7409HG(JN81),,30,9,12,20,11,230,1.5,0.19,Supplier
PPG,DS,DS-7409HG(JK68),,30,7,10,24,14,230,1.5,0.19,Supplier
PPG,DS,DS-7409HG(JK71),,35,7,10,24,14,230,1.5,0.19,Supplier
PPG,DS,DS-7409HG(JS67),,35,7,10,25,15,230,1.5,0.19,Supplier
PPG,DS,DS-7409HG(JP67),,40,7,10,26,15,230,1.5,0.19,Supplier
PPG,DS,DS-7409HG(JK77),,45,9,11,23,13,230,1.5,0.19,Supplier
PPG,DS,DS-7409HG(JP70),,45,7,10,26,15,230,1.5,0.19,Supplier
PPG,DS,DS-7409HG(JP73),,50,8,11,27,16,230,1.5,0.19,Supplier
PPG,DS,DS-7409HG(JEN74),,20,11,14,20,11,230,1.5,0.19,Supplier
PPG,DS,DS-7409HG(JEN76),,22,11,14,20,11,230,1.5,0.19,Supplier
PPG,DS,DS-7409HG(JEN79),,25,12,15,20,11,230,1.5,0.19,Supplier
PPG,DS,DS-7409HG(JEGG80),,22,12,15,19,10,230,1.5,0.19,Supplier
PPG,DS,DS-7409HG(JEN82),,30,12,15,20,11,230,1.5,0.19,Supplier
PPG,DS,DS-7409HG(JEM74),,30,11,14,21,12,230,1.5,0.19,Supplier
PPG,DS,DS-7409HG(JEO74),,30,11,14,22,13,230,1.5,0.19,Supplier
PPG,DS,DS-7409HG(JEM76),,32,11,14,21,12,230,1.5,0.19,Supplier
PPG,DS,DS-7409HG(JEM79),,35,12,15,21,12,230,1.5,0.19,Supplier
PPG,DS,DS-7409HG(JEO76),,35,11,14,22,13,230,1.5,0.19,Supplier
PPG,DS,DS-7409HG(JEQ75),,40,11,14,23,13,230,1.5,0.19,Supplier
PPG,DS,DS-7409HG(JEO79),,40,12,15,23,13,230,1.5,0.19,Supplier
PPG,DS,DS-7409HG(JEQ78),,50,12,15,23,13,230,1.5,0.19,Supplier
PPG,DS,DS-7409HG(JET74),,50,11,14,25,15,230,1.5,0.19,Supplier
PPG,DS,DS-7409HG(JER76),,60,11,14,26,15,230,1.5,0.19,Supplier
PPG,DS,DS-7409HG(JQN74),,20,11,14,18,9,230,1.5,0.185,Supplier
PPG,DS,DS-7409HG(JQN76),,22,11,14,18,9,230,1.5,0.185,Supplier
PPG,DS,DS-7409HG(JQN79),,25,12,15,18,9,230,1.5,0.185,Supplier
PPG,DS,DS-7409HG(JQN82),,30,12,15,18,9,230,1.5,0.185,Supplier
PPG,DS,DS-7409HG(JQO74),,30,11,14,20,11,230,1.5,0.185,Supplier
PPG,DS,DS-7409HG(JQO76),,35,11,14,20,11,230,1.5,0.185,Supplier
PPG,DS,DS-7409HG(JQO78),,40,12,15,20,11,230,1.5,0.185,Supplier
PPG,DS,DS-7409HG(JQQ74),,40,11,14,21,10,230,1.5,0.185,Supplier
PPG,DS,DS-7409HG(IHH72),,15,7,9,20,12,240,1.5,0.194,Supplier
PPG,DS,DS-7409HG(IN71),,18,6,8,21,13,240,1.5,0.194,Supplier
PPG,DS,DS-7409HG(IN74),,20,7,9,21,13,240,1.5,0.194,Supplier
PPG,DS,DS-7409HG(IN76),,22,7,9,21,13,240,1.5,0.194,Supplier
PPG,DS,DS-7409HG(IN79),,25,8,10,20,12,240,1.5,0.194,Supplier
PPG,DS,DS-7409HG(IN81),,30,8,10,20,12,240,1.5,0.194,Supplier
PPG,DS,DS-7409HG(IK67),,30,6,8,23,14,240,1.5,0.194,Supplier
PPG,DS,DS-7409HG(IK69),,30,6,8,23,14,240,1.5,0.194,Supplier
PPG,DS,DS-7409HG(IK72),,35,7,9,23,14,240,1.5,0.194,Supplier
PPG,DS,DS-7409HG(IS68),,35,6,8,24,15,240,1.5,0.194,Supplier
PPG,DS,DS-7409HG(ZPP74),,15,7,9,19,11,240,1.5,0.194,Supplier
PPG,DS,DS-7409HG(ZN71),,18,6,8,21,13,240,1.5,0.194,Supplier
PPG,DS,DS-7409HG(ZN72),,18,6,8,21,13,240,1.5,0.194,Supplier
PPG,DS,DS-7409HG(ZN73),,20,6,8,21,13,240,1.5,0.194,Supplier
PPG,DS,DS-7409HG(ZN74),,20,6,8,21,13,240,1.5,0.194,Supplier
PPG,DS,DS-7409HG(ZN76),,22,6,8,21,13,240,1.5,0.194,Supplier
PPG,DS,DS-7409HG(ZN79),,25,7,9,20,12,240,1.5,0.194,Supplier
PPG,DS,DS-7409HG(ZN81),,30,7,9,20,12,240,1.5,0.194,Supplier
PPG,DS,DS-7409HG(ZK69),,30,5,7,23,14,240,1.5,0.194,Supplier
PPG,DS,DS-7409HG(ZK72),,35,6,8,23,14,240,1.5,0.194,Supplier
PPG,DS,DS-7409HG(ZS68),,35,5,7,24,15,240,1.5,0.194,Supplier
PPG,DS,DS-7409HG(ZS70),,38,6,8,24,15,240,1.5,0.194,Supplier
PPG,DS,DS-7409HG(ZP75),,55,7,9,26,16,240,1.5,0.194,Supplier
PPG,DS,DS-7409HG(ZLPP73),,15,7,9,22,16,270,1.5,0.19,Supplier
PPG,DS,DS-7409HG(ZLHH73),,15,7,9,23,17,270,1.5,0.19,Supplier
PPG,DS,DS-7409HG(ZLHH74),,16,7,9,23,17,270,1.5,0.19,Supplier
PPG,DS,DS-7409HG(ZLHH76),,18,7,9,23,17,270,1.5,0.19,Supplier
PPG,DS,DS-7409HG(ZLGG74),,18,7,9,23,17,270,1.5,0.19,Supplier
PPG,DS,DS-7409HG(ZLGG76),,20,7,9,23,17,270,1.5,0.19,Supplier
PPG,DS,DS-7409HG(ZLN74),,20,6,8,24,18,270,1.5,0.19,Supplier
PPG,DS,DS-7409HG(ZLN76),,22,6,8,24,18,270,1.5,0.19,Supplier
PPG,DS,DS-7409HG(ZLN79),,25,7,9,23,17,270,1.5,0.19,Supplier
PPG,DS,DS-7409HG(ZLS70),,38,6,8,26,19,270,1.5,0.19,Supplier
PPG,DS,DS-7409HG(ZLS72),,40,7,9,25,18,270,1.5,0.19,Supplier
PPG,DS,DS-7409HG(ZQHH72),,16,6,7,14,9,250,1.5,0.16,Supplier
PPG,DS,DS-7409HG(ZQHH74),,18,6.5,8,14,9,250,1.5,0.16,Supplier
PPG,DS,DS-7409HG(ZQHH76),,20,7,8,14,9,250,1.5,0.16,Supplier
PPG,DS,DS-7409HG(ZQN69),,18,5,6,15,10,250,1.5,0.16,Supplier
PPG,DS,DS-7409HG(ZQN71),,20,5,6,15,10,250,1.5,0.16,Supplier
PPG,DS,DS-7409HG(ZQN73),,22,6,7,15,10,250,1.5,0.16,Supplier
PPG,DS,DS-7409HG(ZSPP72),,14,6,8,20,14,250,1.5,0.194,Supplier
PPG,DS,DS-7409HG(ZSPP74),,16,6,8,20,14,250,1.5,0.194,Supplier
PPG,DS,DS-7409HG(ZSGG71),,16,6,8,21,15,250,1.5,0.194,Supplier
PPG,DS,DS-7409HG(ZSGG74),,18,6,8,21,15,250,1.5,0.194,Supplier
PPG,DS,DS-7409HG(ZSN72),,20,5,7,22,16,250,1.5,0.194,Supplier
PPG,DS,DS-7409HG(ZSGG79),,22,7,9,20,14,250,1.5,0.194,Supplier
PPG,DS,DS-7409HG(ZSN74),,22,5,7,22,16,250,1.5,0.194,Supplier
PPG,DS,DS-7409HG(ZSN78),,25,6,8,21,15,250,1.5,0.194,Supplier
PPG,DS,DS-7409HG(ZSN80),,25,6,8,21,15,250,1.5,0.194,Supplier
PPG,DS,DS-7409HG(ZSK67),,30,4,6,23,16,250,1.5,0.194,Supplier
PPG,DS,DS-7409HG(ZSS71),,40,5,7,24,18,250,1.5,0.194,Supplier
PPG,DS,DS-7409HG(ZSP66),,40,4,6,27,19,250,1.5,0.194,Supplier
PPG,DS,DS-7409HG(ZSS73),,45,5,7,24,18,250,1.5,0.194,Supplier
PPG,DS,DS-7409HG(ZSP69),,45,4,6,25,18,250,1.5,0.194,Supplier
PPG,DS,DS-7409HG(ZSV66),,65,4,6,27,19,250,1.5,0.194,Supplier
PPG,DS,DS-7409HG(ZSX69),,80,4,6,28,21,250,1.5,0.194,Supplier
PPG,DS,DS-7409HG(ZSZ62),,85,3,5,31,22,250,1.5,0.194,Supplier
PPG,DS,DS-7409HG(ZUPP72),,16,6,8,23,16,250,1.5,0.185,Supplier
PPG,DS,DS-7409HG(ZUPP74),,18,6,8,23,16,250,1.5,0.185,Supplier
PPG,DS,DS-7409HG(ZUGG71),,16,6,8,24,17,250,1.5,0.185,Supplier
PPG,DS,DS-7409HG(ZUGG73),,18,6,8,24,17,250,1.5,0.185,Supplier
PPG,DS,DS-7409HG(ZUN71),,18,5,7,25,18,250,1.5,0.185,Supplier
PPG,DS,DS-7409HG(ZUGG76),,20,7,9,23,16,250,1.5,0.185,Supplier
PPG,DS,DS-7409HG(IQN79),,25,12,15,18,9,230,1.5,0.185,Supplier
PPG,DS,DS-7409HG(IQN82),,30,12,15,18,9,230,1.5,0.185,Supplier
PPG,DS,DS-7409HG(IQO74),,30,11,14,20,11,230,1.5,0.185,Supplier
PPG,DS,DS-7409HG(IQQ72),,35,11,14,21,10,230,1.5,0.185,Supplier
PPG,DS,DS-7409HG(IQQ74),,40,11,14,21,10,230,1.5,0.185,Supplier
PPG,DS,DS-7409HG(FQPP71),,15,7,4,13,6,160,1.5,0.16,Supplier
PPG,DS,DS-7409HG(FQPP73),,16,7,4,13,6,160,1.5,0.16,Supplier
PPG,DS,DS-7409HG(FQHH72),,16,7,4,14,6,160,1.5,0.16,Supplier
PPG,DS,DS-7409HG(FQHH74),,18,7,4,14,6,160,1.5,0.16,Supplier
PPG,DS,DS-7409HG(FQN68),,18,5,2,16,8,160,1.5,0.16,Supplier
PPG,DS,DS-7409HG(FQN69),,18,6,3,16,8,160,1.5,0.16,Supplier
PPG,DS,DS-7409HG(FQN70),,20,6,3,15,7,160,1.5,0.16,Supplier
PPG,DS,DS-7409HG(FQN71),,20,6,3,15,7,160,1.5,0.16,Supplier
PPG,DS,DS-7409HG(FQN73),,22,6,3,15,7,160,1.5,0.16,Supplier
PPG,DS,DS-7409HG(FQN75),,22,7,4,14,6,160,1.5,0.16,Supplier
PPG,DS,DS-7409HG(FQN79),,25,7,4,14,6,160,1.5,0.16,Supplier
PPG,DS,DS-7409HG(FSHH73),,16,8,3,18,8,170,1.5,0.16,Supplier
PPG,DS,DS-7409HG(FSN74),,22,7,3,20,9,170,1.5,0.16,Supplier
PPG,DS,DS-7409HG(FAHH69),,16,7,2,11,5,150,1.5,0.16,Supplier
PPG,DS,DS-7409HG(FUHH72),,16,6,3,14,5,150,1.5,0.16,Supplier
PPG,DS,DS-7409HG(FUN69),,18,5,2,15,7,150,1.5,0.16,Supplier
PPG,DS,DS-7409HG(FUN71),,20,5,2,15,7,150,1.5,0.16,Supplier
PPG,DS,DS-7402HD(DN71),,20,15,8,14,7,180,1.5,0.2,Supplier
PPG,DS,DS-7402HD(DN73),,20,16,9,13,6,180,1.5,0.2,Supplier
PPG,DS,DS-7402HD(DN75),,22,16,9,13,6,180,1.5,0.2,Supplier
PPG,DS,DS-7402HD(DN77),,25,16,9,13,6,180,1.5,0.2,Supplier
PPG,DS,DS-7402HD(DO69),,30,16,9,17,8,180,1.5,0.2,Supplier
PPG,DS,DS-7402HD(DN80),,30,17,10,12,6,180,1.5,0.2,Supplier
PPG,DS,DS-7402HD(DO73),,32,16,9,16,8,180,1.5,0.2,Supplier
PPG,DS,DS-7402HD(DO75),,35,16,9,16,8,180,1.5,0.2,Supplier
PPG,DS,DS-7402HD(DO77),,40,16,9,15,7,180,1.5,0.2,Supplier
PPG,DS,DS-7402HDE(DEGG74),,18,16,9,13,6,180,1.5,0.2,Supplier
PPG,DS,DS-7402HDE(DEN73),,20,16,9,14,6,180,1.5,0.2,Supplier
PPG,DS,DS-7402HDE(DEN78),,30,17,10,13,6,180,1.5,0.2,Supplier
PPG,DS,DS-7409HG(KNN72),,20,14,11,15,7,220,1.5,0.185,Supplier
PPG,DS,DS-7409HG(KNN76),,25,16,13,14,6,220,1.5,0.185,Supplier
PPG,DS,DS-7409HG(KNN80),,30,17,13,13,6,220,1.5,0.185,Supplier
PPG,DS,DS-7409HG(KNO75),,35,15,12,15,7,220,1.5,0.185,Supplier
PPG,DS,DS-7409HG(KNO77),,40,16,13,14,6,220,1.5,0.185,Supplier
PPG,DS,DS-7409HG(KNQ77),,45,16,13,15,7,220,1.5,0.185,Supplier
PPG,DS,DS-7409HG(KNQ79),,50,17,13,14,6,220,1.5,0.185,Supplier
PPG,DS,DS-7409HG(KNR74),,55,15,12,16,8,220,1.5,0.185,Supplier
PPG,DS,DS-7409HG(KNR76),,60,16,13,16,8,220,1.5,0.185,Supplier
PPG,DS,DS-7409HG(KNX71),,85,14,11,18,8,220,1.5,0.185,Supplier
PPG,DS,DS-7409HG(KNZ63),,95,12,10,20,9,220,1.5,0.185,Supplier
PPG,DS,DS-7409HG(KNEQ77),,45,17,13,16,8,220,1.5,0.185,Supplier
PPG,DS,DS-7409HG(KNEX69),,85,14,12,19,9,220,1.5,0.185,Supplier
PPG,DS,DS-7409HG(KNEC60),,95,12,10,21,10,220,1.5,0.185,Supplier
PPG,DS,DS-7409HG(KNN73),,20,15,12,15,7,190,1.5,0.185,Supplier
PPG,DS,DS-7409HG(KNN76),,25,16,13,14,6,190,1.5,0.185,Supplier
PPG,DS,DS-7409HG(KNO77),,40,16,13,14,6,190,1.5,0.185,Supplier
PPG,DS,DS-7409HG(KNQ78),,45,17,13,14,6,190,1.5,0.185,Supplier
PPG,DS,DS-7409HG(KNR70),,55,14,11,17,8,190,1.5,0.185,Supplier
PPG,DS,DS-7409HG(KNR74),,55,15,12,16,8,190,1.5,0.185,Supplier
PPG,DS,DS-7409HG(KNV66),,60,14,11,18,9,190,1.5,0.185,Supplier
PPG,DS,DS-7409HG(KNV68),,85,14,11,18,9,190,1.5,0.185,Supplier
PPG,DS,DS-7409HG(KNV69),,85,14,11,18,9,190,1.5,0.185,Supplier
CCL,LG,500GA(H)(0.06TM),,60,19,7,16,6,210,1.5,0.2,Supplier
CCL,LG,500GA(H)(0.1TM),,100,20,8,17,6,210,1.5,0.2,Supplier
CCL,LG,500GA(H)(0.2TM),,200,20,8,17,6,210,1.5,0.2,Supplier
CCL,LG,500GA(0.035TM),,35,15,6,18,9,210,1.5,0.2,Supplier
CCL,LG,500GA(0.04T),,40,15,6,19,9,210,1.5,0.2,Supplier
CCL,LG,500GA(0.04TM),,40,15,6,19,9,210,1.5,0.2,Supplier
CCL,LG,500GA(0.05TM),,50,15,6,18,9,210,1.5,0.2,Supplier
CCL,LG,500GA(0.05T),,50,15,6,22,12,210,1.5,0.2,Supplier
CCL,LG,500GA(0.06TM),,60,15,6,19,9,210,1.5,0.2,Supplier
CCL,LG,500GA(0.1T),,100,14,5,24,13,210,1.5,0.2,Supplier
CCL,LG,500GA(0.1TM),,100,14,5,22,12,210,1.5,0.2,Supplier
CCL,LG,500GA(0.13TM),,130,14,5,22,12,210,1.5,0.2,Supplier
CCL,LG,500GA(0.15TM),,150,14,5,22,12,210,1.5,0.2,Supplier
CCL,LG,500GA(0.16TM),,160,15,6,21,11,210,1.5,0.2,Supplier
CCL,LG,500GA(0.2TM),,200,14,5,22,12,210,1.5,0.2,Supplier
CCL,LG,500GA(0.2T),,200,14,5,24,13,210,1.5,0.2,Supplier
CCL,LG,500GA(0.21TM),,210,15,6,21,11,210,1.5,0.2,Supplier
CCL,LG,500GA(0.25T),,250,14,5,23,12,210,1.5,0.2,Supplier
CCL,LG,500GA(0.3T),,300,14,5,24,13,210,1.5,0.2,Supplier
CCL,LG,500GA(0.4T),,400,14,5,24,13,210,1.5,0.2,Supplier
CCL,LG,500LC(0.035TM),,35,13,5,20,11,250,1.5,0.2,Supplier
CCL,LG,500LC(0.04TM),,40,13,5,21,11,250,1.5,0.2,Supplier
CCL,LG,500LC(0.05TM),,50,13,5,21,11,250,1.5,0.2,Supplier
CCL,LG,500LC(0.06TM),,60,13,5,21,11,250,1.5,0.2,Supplier
CCL,LG,500LC(0.1TM),,100,12,4,24,14,250,1.5,0.2,Supplier
CCL,LG,500LC(0.15TM),,150,12,4,24,14,250,1.5,0.2,Supplier
CCL,LG,500LC(0.2TM),,200,12,4,24,14,250,1.5,0.2,Supplier
CCL,LG,500LC(W)(0.03T),,30,11,4,20,15,275,1.5,0.2,Supplier
CCL,LG,500LC(W)(0.035TM),,35,10,5,22,16,275,1.5,0.2,Supplier
CCL,LG,500LC(W)(0.04T),,40,10,4,24,17,275,1.5,0.2,Supplier
CCL,LG,500LC(W)(0.04TM),,45,10,4,24,17,275,1.5,0.2,Supplier
CCL,LG,500LC(W)(0.05TM),,50,9,4,25,18,275,1.5,0.2,Supplier
CCL,LG,500LC(W)(0.06T),,60,9,4,25,18,275,1.5,0.2,Supplier
CCL,LG,500LC(W)(0.06TM),,60,9,4,25,18,275,1.5,0.2,Supplier
CCL,LG,500LC(W)(0.1TM),,100,9,4,26,19,275,1.5,0.2,Supplier
CCL,LG,500LC(W)(0.15TM),,150,9,4,26,19,275,1.5,0.2,Supplier
CCL,LG,500LC(W)(0.2TM),,200,9,4,26,19,275,1.5,0.2,Supplier
CCL,LG,500LC(URE)(0.03T),,30,10,3,23,11,220,1.5,0.2,Supplier
CCL,LG,500LC(URE)(0.035T),,35,11,3,22,11,220,1.5,0.2,Supplier
CCL,LG,500LC(URE)(0.04T),,40,9,3,24,12,220,1.5,0.2,Supplier
CCL,LG,500LC(URE)(0.06T),,60,8,3,25,12,220,1.5,0.2,Supplier
CCL,LG,500LC(ZTE)(0.04T),,40,8,3,25,19,290,1.5,0.2,Supplier
CCL,LG,500LC(ZTE)(0.04TM),,45,7,3,25,19,290,1.5,0.2,Supplier
CCL,LG,500LC(ZTE)(0.06T),,60,6,2,28,21,290,1.5,0.2,Supplier
CCL,LG,500LC(ZTE)(0.06TM),,65,6,2,28,21,290,1.5,0.2,Supplier
CCL,LG,500LC(ATE)(0.06TM),,65,6,3,30,24,290,1.5,0.2,Supplier
CCL,LG,500LC(HTE)(0.06T),,60,11,12,25,19,300,1.5,0.2,Supplier
CCL,LG,500LC(HTE)(0.065TM),,65,12.5,12,22,17,300,1.5,0.2,Supplier
CCL,LG,500LC(HT)(0.06T),,60,9,10,27,21,300,1.5,0.2,Supplier
CCL,LG,500LC(YM)(0.053T),,53,8,3,23,16,250,1.5,0.2,Supplier
CCL,LG,500LC(YM)(0.06T),,53,8,3,23,16,250,1.5,0.2,Supplier
CCL,LG,500LC(UR)(0.03T),,30,8.5,2,24,11,220,1.5,0.2,Supplier
CCL,LG,500LC(UR)(0.035T),,35,8,2,25,12,220,1.5,0.2,Supplier
CCL,LG,500LC(UR)(0.04T),,40,7,2,26,13,220,1.5,0.2,Supplier
CCL,LG,500LC(UR)(0.053T),,53,6,2,27,14,220,1.5,0.2,Supplier
CCL,LG,500LC(UR)(0.06T),,60,6,2,27,14,220,1.5,0.2,Supplier
CCL,LG,500LC(UR)(0.065T),,65,7,3,26,13,220,1.5,0.2,Supplier
CCL,LG,500LC(UR)(0.065TM),,65,8,3,25,13,220,1.5,0.2,Supplier
CCL,LG,500LC(UX)(0.03T),,30,7,1,23,10,220,1.5,0.2,Supplier
CCL,LG,500LC(UX)(0.035T),,35,7,1,22,10,220,1.5,0.2,Supplier
CCL,LG,500LC(UX)(0.04T),,40,6.5,1,24,10,220,1.5,0.2,Supplier
CCL,LG,500LC(UX)(0.05T),,50,5.5,1,27,12,220,1.5,0.2,Supplier
CCL,LG,500LC(UX)(0.06T),,60,6,1,26,12,220,1.5,0.2,Supplier
CCL,LG,500LC(UX)(0.1T),,100,4,1,29,12,220,1.5,0.2,Supplier
CCL,LG,500LC(ZT)(0.035T),,35,6,1,26,19,290,1.5,0.2,Supplier
CCL,LG,500LC(ZT)(0.04T),,40,5,1,27,20,290,1.5,0.2,Supplier
CCL,LG,500LC(ZT)(0.06T),,60,4,1,29,21,290,1.5,0.2,Supplier
CCL,LG,500LC(ZT)(0.1T),,100,3.5,1,33,26,290,1.5,0.2,Supplier
CCL,LG,500LC(ZT)(0.2TM),,200,3.5,1,33,26,290,1.5,0.2,Supplier
CCL,LG,500LC(XT)(0.03T),,30,6.5,1,23,16,280,1.5,0.2,Supplier
CCL,LG,500LC(XT)(0.035T),,35,6.5,1,23,16,280,1.5,0.2,Supplier
CCL,LG,500LC(XT)(0.08T),,80,5,1,28,21,280,1.5,0.2,Supplier
CCL,LG,500LC(AT)(0.03T),,30,4.5,1,32,26,290,1.5,0.2,Supplier
CCL,LG,500LC(AT)(0.035T),,35,5,1,32,26,290,1.5,0.2,Supplier
CCL,LG,500LC(AT)(0.04T),,40,3.5,1,33,27,290,1.5,0.2,Supplier
CCL,LG,500LC(AT)(0.053T),,53,3.5,1,34,28,290,1.5,0.2,Supplier
CCL,LG,500LC(AT)(0.06T),,62,3.5,1,32,26,290,1.5,0.2,Supplier
CCL,LG,500LC(AT)(0.065T),,65,3.5,1,32,26,290,1.5,0.2,Supplier
CCL,LG,500LC(AT)(0.08T),,80,3.5,1,35,29,290,1.5,0.2,Supplier
CCL,LG,500LC(AT)(0.1T),,100,2,1,39,33,290,1.5,0.2,Supplier
CCL,LG,500LC(LD)(0.04TM),,40,13.5,5.5,15,9,250,1.5,0.2,Supplier
CCL,LG,500LC(LD)(0.08TM),,80,14.5,5.5,15,9,250,1.5,0.2,Supplier
CCL,LG,500LC(LD)(0.1TM),,100,13.5,5.5,15,9,250,1.5,0.2,Supplier
CCL,LG,500LC(LD)(0.11TM),,110,14,5.5,14,8,250,1.5,0.2,Supplier
CCL,LG,500LC(LD)(0.13TM),,130,14.5,6,14,8,250,1.5,0.2,Supplier
CCL,LG,500LC(LD)(0.13TM),,130,15,6,14,8,250,1.5,0.2,Supplier
CCL,LG,500LC(LD)(0.15TM),,150,13.5,5.5,15,9,250,1.5,0.2,Supplier
CCL,LG,500LC(LD)(0.17TM),,170,13.5,5.5,15,8,250,1.5,0.2,Supplier
CCL,LG,500LC(LD)(0.19TM),,190,13.5,5.5,15,9,250,1.5,0.2,Supplier
CCL,LG,500LC(LD)(0.2TM),,200,13.5,5.5,15,9,250,1.5,0.2,Supplier
CCL,LG,500LC(LD)(0.21TM),,210,14,5.5,15,9,250,1.5,0.2,Supplier
CCL,LG,500LC(LD)(0.215TM),,215,14,5.5,15,8,250,1.5,0.2,Supplier
CCL,LG,500LC(LDH)(0.06T),,60,18,5,12,7,250,1.5,0.2,Supplier
CCL,LG,500LC(AD)(0.08TM),,80,15,6.5,11,7,250,1.5,0.2,Supplier
CCL,LG,500LC(AD)(0.1TM),,100,15.5,7,11,7,250,1.5,0.2,Supplier
CCL,LG,500LC(AD)(0.13TM),,130,15.5,7,11,7,250,1.5,0.2,Supplier
CCL,LG,500LC(AD)(0.15TM),,150,15.5,7,11,7,250,1.5,0.2,Supplier
CCL,LG,500LC(AD)(0.17TM),,170,15.5,7,11,7,250,1.5,0.2,Supplier
CCL,LG,500LC(AD)(0.2TM),,200,15.5,7,11,7,250,1.5,0.2,Supplier
CCL,LG,500LC(ADR)(0.04T),,40,13.5,7,13,7,250,1.5,0.2,Supplier
CCL,LG,500LC(ADR)(0.04T),,40,10.5,5,17,11,250,1.5,0.2,Supplier
CCL,LG,500LC(ADX)(0.1TM),,100,7.5,2,20,12,250,1.5,0.2,Supplier
PPG,LG,500GA(0.08T),,88.9,19,7,15,7,210,1.5,0.2,Supplier
PPG,LG,500GA(0.07T),,74.8,16,5,17,8,210,1.5,0.2,Supplier
PPG,LG,500GA(0.06T),,66,15,4,18,9,210,1.5,0.2,Supplier
PPG,LG,500GA(0.045T),,50.9,21,9,14,6,210,1.5,0.2,Supplier
PPG,LG,500GA(0.035T),,42.5,21,9,14,6,210,1.5,0.2,Supplier
PPG,LG,500GA(0.03T),,37.7,20,8,15,7,210,1.5,0.2,Supplier
PPG,LG,500GA(0.027T),,29.8,21,9,13,6,210,1.5,0.2,Supplier
PPG,LG,500GA(0.025T),,27.3,20,8,14,7,210,1.5,0.2,Supplier
PPG,LG,500GA(0.022T),,24.2,19,8,15,7,210,1.5,0.2,Supplier
PPG,LG,500GA(0.022T(Cu 100%)),,21.7,18,8,16,8,210,1.5,0.2,Supplier
PPG,LG,500LC(0.045T),,48.8,15,4,16,8,250,1.5,0.2,Supplier
PPG,LG,500LC(0.035T),,44.4,16,5,15,7,250,1.5,0.2,Supplier
PPG,LG,500LC(0.035T),,39.2,15,4,15,8,250,1.5,0.2,Supplier
PPG,LG,500LC(0.03T),,36.2,15,4,16,8,250,1.5,0.2,Supplier
PPG,LG,500LC(0.025T),,27.3,17,5,15,7,250,1.5,0.2,Supplier
PPG,LG,500LC(0.022T),,25.1,16,5,16,8,250,1.5,0.2,Supplier
PPG,LG,500LC(YME)(0.050T),,53,14,5,13.5,6.5,250,1.5,0.2,Supplier
PPG,LG,500LC(W)(0.07T),,67.6,11,2,19,14,270,1.5,0.2,Supplier
PPG,LG,500LC(W)(0.042T),,45.3,14,3,17,12,270,1.5,0.2,Supplier
PPG,LG,500LC(W)(0.04T),,42,13,3,18,12,270,1.5,0.2,Supplier
PPG,LG,500LC(W)(0.04T (Cu 100%)),,39.1,11,3,19,13,270,1.5,0.2,Supplier
PPG,LG,500LC(W)(0.037T),,42.9,14,3,16,11,270,1.5,0.2,Supplier
PPG,LG,500LC(W)(0.035T),,39.4,14,3,17,12,270,1.5,0.2,Supplier
PPG,LG,500LC(W)(0.03T),,35.1,13,3,18,12,270,1.5,0.2,Supplier
PPG,LG,500LC(W)(0.03T),,33.3,15,4,15,10,270,1.5,0.2,Supplier
PPG,LG,500LC(W)(0.027T),,30.2,14,3,16,10,270,1.5,0.2,Supplier
PPG,LG,500LC(W)(0.025T),,26.4,13,3,16,11,270,1.5,0.2,Supplier
PPG,LG,500LC(W)(0.022T),,24.3,12,3,17,12,270,1.5,0.2,Supplier
PPG,LG,500LC(W)(0.02T),,22.5,12,3,18,13,270,1.5,0.2,Supplier
PPG,LG,500LC(W)(0.02T (Cu 100%)),,20.9,11,3,19,13,270,1.5,0.2,Supplier
PPG,LG,500LC(W)(0.02T),,24.9,14,3,16,10,270,1.5,0.2,Supplier
PPG,LG,500LC(W)(0.02T),,21.8,13,3,16,11,270,1.5,0.2,Supplier
PPG,LG,500LC(W)(0.018T),,20.2,12,3,17,12,270,1.5,0.2,Supplier
PPG,LG,500LC(QRE)(0.020T),,22.2,13.5,5,14.5,6,190,1.5,0.2,Supplier
PPG,LG,500LC(QRE)(0.016T),,18.3,13.5,5,14.5,6,190,1.5,0.2,Supplier
PPG,LG,500LC(URE)(0.027T),,30.4,13,7,17,6,220,1.5,0.2,Supplier
PPG,LG,500LC(URE)(0.025T),,26.5,12,6,18,7,220,1.5,0.2,Supplier
PPG,LG,500LC(URE)(0.022T),,24.3,11,6,19,7,220,1.5,0.2,Supplier
PPG,LG,500LC(URE)(0.020T),,22.5,10,5,20,8,220,1.5,0.2,Supplier
PPG,LG,500LC(URE)(0.018T),,20.1,12,6,19,7,220,1.5,0.2,Supplier
PPG,LG,500LC(URE)(0.016T),,17.9,11,6,19,7,220,1.5,0.2,Supplier
PPG,LG,500LC(ATE)(0.022T),,23.5,8.5,4,23,17,290,1.5,0.2,Supplier
PPG,LG,500LC(ATE)(0.018T),,20.2,8.5,4,23,17,290,1.5,0.2,Supplier
PPG,LG,500LC(HTE)(0.042T),,49,15,14,17,12,300,1.5,0.2,Supplier
PPG,LG,500LC(HTE)(0.04T),,45.1,14.5,14,17.5,12.5,300,1.5,0.2,Supplier
PPG,LG,500LC(HTE)(0.038T),,41.8,14,14,18,13,300,1.5,0.2,Supplier
PPG,LG,500LC(HTE)(0.023T),,27.4,15,14,16,11,300,1.5,0.2,Supplier
PPG,LG,500LC(HTE)(0.022T),,24.4,14.5,14,17.5,12.5,300,1.5,0.2,Supplier
PPG,LG,500LC(HTE)(0.016T),,18.5,14,14,18,13,300,1.5,0.2,Supplier
PPG,LG,500LC(HT)(0.042T),,48.5,13,12,18,13,300,1.5,0.2,Supplier
PPG,LG,500LC(HT)(0.038T),,41.8,11.5,12,20.5,15.5,300,1.5,0.2,Supplier
PPG,LG,500LC(HT)(0.025T),,29.5,13,12,17,12,300,1.5,0.2,Supplier
PPG,LG,500LC(HT)(0.023T),,28,13,12,18,13,300,1.5,0.2,Supplier
PPG,LG,500LC(HT)(0.022T),,24.9,12.5,12,19,14,300,1.5,0.2,Supplier
PPG,LG,500LC(HT)(0.016T),,18.6,12,12,19,14,300,1.5,0.2,Supplier
PPG,LG,500LC(YM)(0.025T),,27,12,3,15.5,9,250,1.5,0.2,Supplier
PPG,LG,500LC(YM)(0.022T),,25,11.5,3,16.5,10,250,1.5,0.2,Supplier
PPG,LG,500LC(QR)(0.027T),,30.1,13.5,4,13,5,190,1.5,0.2,Supplier
PPG,LG,500LC(QR)(0.020T),,22.7,11.5,3,16.5,7,190,1.5,0.2,Supplier
PPG,LG,500LC(QR)(0.016T),,18.5,11.5,3,16.5,7,190,1.5,0.2,Supplier
PPG,LG,500LC(QR)(0.015T),,17.2,12,3,16,6,190,1.5,0.2,Supplier
PPG,LG,500LC(UR)(0.06T),,65,6.5,3,25,12,220,1.5,0.2,Supplier
PPG,LG,500LC(UR)(0.05T),,54.4,9,3,21,10,220,1.5,0.2,Supplier
PPG,LG,500LC(UR)(0.045T),,49,8,3,22,11,220,1.5,0.2,Supplier
PPG,LG,500LC(UR)(0.04T),,45.9,7.5,3,23,11,220,1.5,0.2,Supplier
PPG,LG,500LC(UR)(0.043T),,46.4,10,3,20,9,220,1.5,0.2,Supplier
PPG,LG,500LC(UR)(0.038T),,42.2,9,3,21,10,220,1.5,0.2,Supplier
PPG,LG,500LC(UR)(0.035T),,39.1,9,4,21,10,220,1.5,0.2,Supplier
PPG,LG,500LC(UR)(0.032T),,36.5,8.5,3,22,11,220,1.5,0.2,Supplier
PPG,LG,500LC(UR)(0.03T),,34.1,8.5,3,22.5,10,220,1.5,0.2,Supplier
PPG,LG,500LC(UR)(0.027T),,29.6,10.5,4,19,8,220,1.5,0.2,Supplier
PPG,LG,500LC(UR)(0.025T),,27,10,4,20,9,220,1.5,0.2,Supplier
PPG,LG,500LC(UR)(0.022T),,24.9,9.5,4,21,9,220,1.5,0.2,Supplier
PPG,LG,500LC(UR)(0.020T),,23,9,4,21,10,220,1.5,0.2,Supplier
PPG,LG,500LC(UR)(0.02T (Cu 100%)),,21.4,8.5,3,22,11,220,1.5,0.2,Supplier
PPG,LG,500LC(UR)(0.018T),,20.2,9.5,4,20,9,220,1.5,0.2,Supplier
PPG,LG,500LC(UR)(0.016T),,18,9,4,21,10,220,1.5,0.2,Supplier
PPG,LG,500LC(UR)(0.016T (Cu 100%)),,16.8,8.5,3,22,10,220,1.5,0.2,Supplier
PPG,LG,500LC(UR)(0.015T),,17.5,9.5,3,20,9,220,1.5,0.2,Supplier
PPG,LG,500LC(UR)(0.015T(Cu 100%)),,15.6,9,3,21,10,220,1.5,0.2,Supplier
PPG,LG,500LC(UR)(0.014T),,16.5,10,3,19,8,220,1.5,0.2,Supplier
PPG,LG,500LC(UX)(0.040T),,44.3,10,4,17.5,7,220,1.5,0.2,Supplier
PPG,LG,500LC(UX)(0.037T),,41.6,10,4,18,7.5,220,1.5,0.2,Supplier
PPG,LG,500LC(UX)(0.033T),,37.3,9,3,19,7.5,220,1.5,0.2,Supplier
PPG,LG,500LC(UX)(0.030T),,34.4,8.5,4,20,8,220,1.5,0.2,Supplier
PPG,LG,500LC(UX)(0.027T),,31.8,11,4,16,7,220,1.5,0.2,Supplier
PPG,LG,500LC(UX)(0.025T),,29,10.5,4,16.5,7,220,1.5,0.2,Supplier
PPG,LG,500LC(UX)(0.022T),,25.4,10,4,17,7.5,220,1.5,0.2,Supplier
PPG,LG,500LC(UX)(0.020T),,22.7,9.5,3,18,8,220,1.5,0.2,Supplier
PPG,LG,500LC(UX)(0.020T(Cu 100%)),,20.4,8.5,3,20,8,220,1.5,0.2,Supplier
PPG,LG,500LC(UX)(0.020T),,23,10.5,4,16,7,220,1.5,0.2,Supplier
PPG,LG,500LC(UX)(0.018T),,20,10,4,16.5,7,220,1.5,0.2,Supplier
PPG,LG,500LC(UX)(0.016T),,18.4,9.5,4,17,7,220,1.5,0.2,Supplier
PPG,LG,500LC(UX)(0.016T(Cu 100%)),,16.4,9,4,18.5,7.5,220,1.5,0.2,Supplier
PPG,LG,500LC(UX)(0.016T),,18.4,9.6,4,18,7.5,220,1.5,0.2,Supplier
PPG,LG,500LC(UX)(0.015T),,17.2,9,4,17.5,7,220,1.5,0.2,Supplier
PPG,LG,500LC(UA)(0.016T),,18.4,8.5,3,16.5,7,210,1.5,0.2,Supplier
PPG,LG,500LC(XT)(0.04T),,43.5,9,4,18,12.5,280,1.5,0.2,Supplier
PPG,LG,500LC(XT)(0.035T),,39,8,4,19.5,14,280,1.5,0.2,Supplier
PPG,LG,500LC(XT)(0.032T),,36.3,7.5,4,20.5,15,280,1.5,0.2,Supplier
PPG,LG,500LC(XT)(0.03T),,32,10.5,4,15.5,10.5,280,1.5,0.2,Supplier
PPG,LG,500LC(XT)(0.027T),,29.2,10,4,16.5,11.5,280,1.5,0.2,Supplier
PPG,LG,500LC(XT)(0.025T),,26.7,9.5,4,17.5,12,280,1.5,0.2,Supplier
PPG,LG,500LC(XT)(0.022T),,24.6,9,4,18,12.5,280,1.5,0.2,Supplier
PPG,LG,500LC(XT)(0.019T),,21.7,9.5,4,17.5,12,280,1.5,0.2,Supplier
PPG,LG,500LC(XT)(0.016T),,18.5,8.5,4,18.5,13,280,1.5,0.2,Supplier
PPG,LG,500LC(XT)(0.016T),,17.3,9,4,18,12.5,280,1.5,0.2,Supplier
PPG,LG,500LC(AT)(0.065T),,71,5,2,29,23,290,1.5,0.2,Supplier
PPG,LG,500LC(AT)(0.06T),,65.1,4.5,2,30,24,290,1.5,0.2,Supplier
PPG,LG,500LC(AT)(0.05T),,54.7,6.5,2,26,20,290,1.5,0.2,Supplier
PPG,LG,500LC(AT)(0.047T),,50.9,6.5,2,27,21,290,1.5,0.2,Supplier
PPG,LG,500LC(AT)(0.045T),,49.1,6,2,27,21,290,1.5,0.2,Supplier
PPG,LG,500LC(AT)(0.042T),,46,5.5,2,28,22,290,1.5,0.2,Supplier
PPG,LG,500LC(AT)(0.042T),,46.1,7.5,2,24,18,290,1.5,0.2,Supplier
PPG,LG,500LC(AT)(0.038T),,42.5,7,2,25,19,290,1.5,0.2,Supplier
PPG,LG,500LC(AT)(0.035T),,39.3,6.5,2,26,20,290,1.5,0.2,Supplier
PPG,LG,500LC(AT)(0.031T),,35.3,6,2,27,21,290,1.5,0.2,Supplier
PPG,LG,500LC(AT)(0.028T),,33.1,5.5,2,28,22,290,1.5,0.2,Supplier
PPG,LG,500LC(AT)(0.027T),,29.9,8,2,22,16,290,1.5,0.2,Supplier
PPG,LG,500LC(AT)(0.025T),,27.3,7.5,2,24,18,290,1.5,0.2,Supplier
PPG,LG,500LC(AT)(0.022T),,25,7,2,25,19,290,1.5,0.2,Supplier
PPG,LG,500LC(AT)(0.022T),,24,7,2,25,19,290,1.5,0.2,Supplier
PPG,LG,500LC(AT)(0.02T),,22.2,6.5,2,26,20,290,1.5,0.2,Supplier
PPG,LG,500LC(AT)(0.02T (Cu 100%)),,20.7,6,2,27,21,290,1.5,0.2,Supplier
PPG,LG,500LC(AT)(0.021T),,24.4,8,2,22,16,290,1.5,0.2,Supplier
PPG,LG,500LC(AT)(0.019T),,22.2,7.5,2,23,17,290,1.5,0.2,Supplier
PPG,LG,500LC(AT)(0.018T),,20.4,7,2,25,19,290,1.5,0.2,Supplier
PPG,LG,500LC(AT)(0.016T),,19.6,6.5,2,26,20,290,1.5,0.2,Supplier
PPG,LG,500LC(AT)(0.016T),,18.8,6.5,2,26,20,290,1.5,0.2,Supplier
PPG,LG,500LC(AT)(0.016T (Cu 100%)),,17.4,6,2,27,21,290,1.5,0.2,Supplier
PPG,LG,500LC(AT)(0.015T),,21,8,2,22,16,290,1.5,0.2,Supplier
PPG,LG,500LC(AT)(0.015T),,20.1,8,2,22,16,290,1.5,0.2,Supplier
PPG,LG,500LC(AT)(0.015T),,19.2,7.5,2,23,17,290,1.5,0.2,Supplier
PPG,LG,500LC(AT)(0.015T),,18.4,7.5,2,24,18,290,1.5,0.2,Supplier
PPG,LG,500LC(AT)(0.015T),,17.6,7,2,25,19,290,1.5,0.2,Supplier
PPG,LG,500LC(LD)(0.040T),,46.8,16,4.5,13,7,250,1.5,0.2,Supplier
PPG,LG,500LC(LD)(0.035T),,40.7,15.5,4,14,8,250,1.5,0.2,Supplier
PPG,LG,500LC(LD)(0.022T),,27.3,15,4,14,7,250,1.5,0.2,Supplier
PPG,LG,500LC(LD)(0.020T),,22.2,14,4,15,9,250,1.5,0.2,Supplier
PPG,LG,500LC(LDH)(0.040T),,43,21.5,6,10,5,250,1.5,0.2,Supplier
PPG,LG,500LC(LDH)(0.040T),,43,17.5,5,12,7,250,1.5,0.2,Supplier
PPG,LG,500LC(AD)(0.040T),,45,15.5,7,11,7,250,1.5,0.2,Supplier
PPG,LG,500LC(AD)(0.027T),,30.3,16,8,10,7,250,1.5,0.2,Supplier
PPG,LG,500LC(AD)(0.024T),,27,15.5,7,11,8,250,1.5,0.2,Supplier
PPG,LG,500LC(AD)(0.022T),,25,15,7,11,8,250,1.5,0.2,Supplier
PPG,LG,500LC(ADR)(0.040T),,44.8,11,5,16,10,250,1.5,0.2,Supplier
PPG,LG,500LC(ADR)(0.030T),,35.8,12,5,15,9,250,1.5,0.2,Supplier
PPG,LG,500LC(ADR)(0.030T),,34,13.5,6,14,8,250,1.5,0.2,Supplier
PPG,LG,500LC(ADR)(0.040T),,43,15,7,12,6,250,1.5,0.2,Supplier
PPG,LG,500LC(ADR)(0.035T),,36.6,14,7,13,7,250,1.5,0.2,Supplier
PPG,LG,500LC(ADR)(0.040T),,43,18.5,8,10,4,250,1.5,0.2,Supplier
PPG,LG,500LC(ADR)(0.035T),,36,17,8,10,5,250,1.5,0.2,Supplier
PPG,LG,500LC(ADR)(0.030T),,34.3,17,8,11,5,250,1.5,0.2,Supplier
PPG,LG,500LC(ADX)(0.070T),,76,11,5,17,10,250,1.5,0.2,Supplier
PPG,LG,500LC(ADX)(0.070T),,76,12,5,16,9,250,1.5,0.2,Supplier
PPG,LG,500LC(ADX)(0.050T),,56,13,6,16,8,250,1.5,0.2,Supplier
PPG,LG,500LC(ADX)(0.025T),,29,14,7,14,7,250,1.5,0.2,Supplier
CCL,MGC,HL832NX A(EX),,100,14,5,27,16,200,1.5,0.19,Supplier
CCL,MGC,HL832NX A(EX),,130,15,6,26,15,200,1.5,0.19,Supplier
CCL,MGC,HL832NX A(EX),,150,14,5,27,16,200,1.5,0.19,Supplier
CCL,MGC,HL832NX A(EX),,200,14,5,27,16,200,1.5,0.19,Supplier
CCL,MGC,HL832NX A(EX),,250,14,5,27,16,200,1.5,0.19,Supplier
CCL,MGC,HL832NX A(EX),,300,14,5,27,16,200,1.5,0.19,Supplier
CCL,MGC,HL832NX A(EX),,350,14,5,27,16,200,1.5,0.19,Supplier
CCL,MGC,HL832NX A(EX),,400,14,5,27,16,200,1.5,0.19,Supplier
CCL,MGC,HL832NX A(EX),,450,14,5,27,16,200,1.5,0.19,Supplier
CCL,MGC,HL832NX A(EX),,500,14,5,27,16,200,1.5,0.19,Supplier
CCL,MGC,HL832NX A(EX),,600,14,5,27,16,200,1.5,0.19,Supplier
CCL,MGC,HL832NX A(EX),,700,14,5,27,16,200,1.5,0.19,Supplier
CCL,MGC,HL832NX A(EX),,800,14,5,27,16,200,1.5,0.19,Supplier
CCL,MGC,HL832NX A(HS),,40,16,7,24,13,200,1.5,0.2,Supplier
CCL,MGC,HL832NX A(HS),,50,17,8,23,13,200,1.5,0.2,Supplier
CCL,MGC,HL832NX A(HS),,60,19,8,20,12,200,1.5,0.22,Supplier
CCL,MGC,HL832NX A(HS UV cut type),,60,17,8,22,13,200,1.5,0.21,Supplier
CCL,MGC,HL832NX A(HS),,100,15,6,26,15,200,1.5,0.19,Supplier
CCL,MGC,HL832NX A(HS),,130,16,7,24,14,200,1.5,0.19,Supplier
CCL,MGC,HL832NX A(HS),,150,15,6,26,15,200,1.5,0.19,Supplier
CCL,MGC,HL832NX A(HS),,200,15,6,26,15,200,1.5,0.19,Supplier
CCL,MGC,HL832NX A(HS),,250,16,7,24,14,200,1.5,0.2,Supplier
CCL,MGC,HL832NS,,40,11.5,5,21,12,230,1.5,0.2,Supplier
CCL,MGC,HL832NS,,50,11.5,5,20,12,230,1.5,0.2,Supplier
CCL,MGC,HL832NS,,60,11.5,5,20,12,230,1.5,0.2,Supplier
CCL,MGC,HL832NS,,100,10.5,4,25,14,230,1.5,0.19,Supplier
CCL,MGC,HL832NS,,120,11,4,23,13,230,1.5,0.19,Supplier
CCL,MGC,HL832NS,,200,9.5,3,27,15,230,1.5,0.18,Supplier
CCL,MGC,HL832NS,,300,9.5,3,27,15,230,1.5,0.18,Supplier
CCL,MGC,HL832NS,,400,9.5,3,27,15,230,1.5,0.18,Supplier
CCL,MGC,HL832NS,,500,9.5,3,27,15,230,1.5,0.18,Supplier
CCL,MGC,HL832NS,,600,9.5,3,27,15,230,1.5,0.18,Supplier
CCL,MGC,HL832NS,,650,0,0,27,15,230,1.5,0.18,Supplier
CCL,MGC,HL832NS(EX),,20,12,5,18,11,230,1.5,0.21,Supplier
CCL,MGC,HL832NS(EX),,25,11.5,5,20,12,230,1.5,0.2,Supplier
CCL,MGC,HL832NS(EX),,30,11.5,5,11.5,12,230,1.5,0.2,Supplier
CCL,MGC,HL832NS(EX),,35,12,5,18,11,230,1.5,0.21,Supplier
CCL,MGC,HL832NS(HX),,60,11.5,5,20,12,230,1.5,0.2,Supplier
CCL,MGC,HL832NS(HX),,100,11.5,5,20,12,230,1.5,0.2,Supplier
CCL,MGC,HL832NS(HX),,150,10.5,4,25,14,230,1.5,0.18,Supplier
CCL,MGC,HL832NS(HX),,250,9.5,3,27,15,230,1.5,0.18,Supplier
CCL,MGC,HL832NS(HD),,50,10.5,4,23,13,230,1.5,0.18,Supplier
CCL,MGC,HL832NS(HD),,60,9.5,3,26,14,230,1.5,0.18,Supplier
CCL,MGC,HL832NS(HD),,100,9.5,3,26,14,230,1.5,0.18,Supplier
CCL,MGC,HL832NS(LC),,20,9,3,22,12,230,1.5,0.2,Supplier
CCL,MGC,HL832NS(LC),,25,8.5,3,23,13,230,1.5,0.2,Supplier
CCL,MGC,HL832NS(LC),,30,8.5,3,23,13,230,1.5,0.2,Supplier
CCL,MGC,HL832NS(LC),,40,8.5,3,23,13,230,1.5,0.2,Supplier
CCL,MGC,HL832NS(LC),,60,7.5,3,26,15,230,1.5,0.19,Supplier
CCL,MGC,HL832NS(LC),,100,6.5,3,30,17,230,1.5,0.18,Supplier
CCL,MGC,HL832NS(LC),,150,6.5,3,30,17,230,1.5,0.18,Supplier
CCL,MGC,HL832NS(LC),,200,6.5,3,30,17,230,1.5,0.18,Supplier
CCL,MGC,HL832NS(LC),,400,6.5,3,30,17,230,1.5,0.18,Supplier
CCL,MGC,HL832NS(LCM),,50,8.5,3,23,13,230,1.5,0.2,Supplier
CCL,MGC,HL832NS(LCM),,60,8.5,3,22,13,230,1.5,0.2,Supplier
CCL,MGC,HL832NS(LCM),,100,7,3,28,16,230,1.5,0.18,Supplier
CCL,MGC,HL832NS(LCX),,150,7,3,28,16,230,1.5,0.18,Supplier
CCL,MGC,HL832NS(LCX),,250,6.5,3,30,17,230,1.5,0.18,Supplier
CCL,MGC,HL832NS(LCH),,50,7.5,3,26,15,230,1.5,0.19,Supplier
CCL,MGC,HL832NS(LCH),,60,7,3,30,17,230,1.5,0.18,Supplier
CCL,MGC,HL832NS(LCH),,100,7,3,30,17,230,1.5,0.18,Supplier
CCL,MGC,HL832NSR(LC),,20,6,2,24,13,210,1.5,0.21,Supplier
CCL,MGC,HL832NSR(LC),,25,6,2,24,13,210,1.5,0.2,Supplier
CCL,MGC,HL832NSR(LC),,30,6,2,24,13,210,1.5,0.2,Supplier
CCL,MGC,HL832NSR(LC),,40,6,2,24,13,210,1.5,0.2,Supplier
CCL,MGC,HL832NSR(LC),,60,5.5,2,27,15,210,1.5,0.19,Supplier
CCL,MGC,HL832NSR(LC),,100,5,2,32,17,210,1.5,0.18,Supplier
CCL,MGC,HL832NSR(LC),,150,5,2,32,17,210,1.5,0.18,Supplier
CCL,MGC,HL832NSR(LC),,200,5,2,32,17,210,1.5,0.18,Supplier
CCL,MGC,HL832NSR(LC),,400,5,2,32,17,210,1.5,0.18,Supplier
CCL,MGC,HL832NSR(EX),,40,9.5,3,24,12,210,1.5,0.2,Supplier
CCL,MGC,HL832NSR(EX),,60,9.5,3,24,12,210,1.5,0.2,Supplier
CCL,MGC,HL832NSR(EX),,100,8,3,30,15,210,1.5,0.2,Supplier
CCL,MGC,HL832NSR(LCM),,50,6,2,24,13,210,1.5,0.2,Supplier
CCL,MGC,HL832NSR(LCM),,60,6,2,24,13,210,1.5,0.2,Supplier
CCL,MGC,HL832NSR(LCM),,100,5,2,29,16,210,1.5,0.19,Supplier
CCL,MGC,HL832NSR(LCX),,150,5,2,29,16,210,1.5,0.19,Supplier
CCL,MGC,HL832NSR(LCX),,250,5,2,32,17,210,1.5,0.18,Supplier
CCL,MGC,HL832NSR(LCA),,60,4.7,2,30,17,210,1.5,0.19,Supplier
CCL,MGC,HL832NSR(LCA),,100,4.5,2,33,18,210,1.5,0.18,Supplier
CCL,MGC,HL832NSR(LCA),,200,4.5,2,33,18,210,1.5,0.18,Supplier
CCL,MGC,HL832NSR(LCA),,250,5,2,32,17,210,1.5,0.18,Supplier
CCL,MGC,HL832NSR(LCH),,50,5.5,2,28,15,210,1.5,0.19,Supplier
CCL,MGC,HL832NSR(LCH),,60,5,2,31,18,210,1.5,0.19,Supplier
CCL,MGC,HL832NSR(LCH),,100,5,2,31,18,210,1.5,0.2,Supplier
CCL,MGC,HL832NSR(LCH),,150,4.7,2,30,18,210,1.5,0.19,Supplier
CCL,MGC,HL832NSF,,20,0,0,0,0,270,1.5,0.2,Supplier
CCL,MGC,HL832NSF,,25,6.5,3,25,14,270,1.5,0.21,Supplier
CCL,MGC,HL832NSF,,30,6.8,3,25,14,270,1.5,0.21,Supplier
CCL,MGC,HL832NSF,,35,6,3,28,17,270,1.5,0.2,Supplier
CCL,MGC,HL832NSF,,40,6.4,3,26,15,270,1.5,0.21,Supplier
CCL,MGC,HL832NSF,,50,5.5,3,29,18,270,1.5,0.2,Supplier
CCL,MGC,HL832NSF,,60,5.5,3,29,18,270,1.5,0.2,Supplier
CCL,MGC,HL832NSF,,100,5,3,32,21,270,1.5,0.19,Supplier
CCL,MGC,HL832NSF,,150,5.3,3,31,20,270,1.5,0.18,Supplier
CCL,MGC,HL832NSF,,200,5,3,32,21,270,1.5,0.19,Supplier
CCL,MGC,HL832NSF,,250,5.3,3,31,20,270,1.5,0.19,Supplier
CCL,MGC,HL832NSF,,400,5.5,3,31,20,270,1.5,0.2,Supplier
CCL,MGC,HL832NSF,,500,0,0,31,20,270,1.5,0.2,Supplier
CCL,MGC,HL832NSF(LC),,20,5.5,2,23,14,270,1.5,0.22,Supplier
CCL,MGC,HL832NSF(LC),,25,4.5,2,28,17,270,1.5,0.2,Supplier
CCL,MGC,HL832NSF(LC),,30,4.8,2,27,16,270,1.5,0.21,Supplier
CCL,MGC,HL832NSF(LC),,35,4.2,2,29,19,270,1.5,0.2,Supplier
CCL,MGC,HL832NSF(LC),,40,4.8,2,27,16,270,1.5,0.21,Supplier
CCL,MGC,HL832NSF(LC),,400,3.4,2,32,22,270,1.5,0.18,Supplier
CCL,MGC,HL832NSF(LC),,500,0,0,32,22,270,1.5,0.18,Supplier
CCL,MGC,HL832NSF(LCA),,60,3.5,2,31,21,270,1.5,0.19,Supplier
CCL,MGC,HL832NSF(LCA),,80,3.5,2,32,22,270,1.5,0.19,Supplier
CCL,MGC,HL832NSF(LCA),,100,3.2,2,34,24,270,1.5,0.18,Supplier
CCL,MGC,HL832NSF(LCA),,150,3.3,2,33,23,270,1.5,0.18,Supplier
CCL,MGC,HL832NSF(LCA),,200,3.2,2,34,24,270,1.5,0.18,Supplier
CCL,MGC,HL832NSF(LCA),,250,3.3,2,33,23,270,1.5,0.18,Supplier
CCL,MGC,HL832NSF(LCA),,300,3.2,2,34,24,270,1.5,0.18,Supplier
CCL,MGC,HL832NSF(LCH),,50,3.5,2,31,21,270,1.5,0.19,Supplier
CCL,MGC,HL832NSF(LCH),,60,3.5,2,32,22,270,1.5,0.19,Supplier
CCL,MGC,HL832NSF(LCH),,100,3.5,2,32,22,270,1.5,0.19,Supplier
CCL,MGC,HL832NSF(LCH),,150,3.5,2,31,21,270,1.5,0.19,Supplier
CCL,MGC,HL832NSF(LCH),,180,3.3,2,33,23,270,1.5,0.18,Supplier
CCL,MGC,HL832NSF(LCH),,250,3.5,2,31,21,270,1.5,0.19,Supplier
CCL,MGC,HL832NSA(LC),,40,2.6,0.5,25,21,270,1.5,0.17,Supplier
CCL,MGC,HL832NSA(LC),,250,1.5,0.5,30,27,270,1.5,0.15,Supplier
CCL,MGC,HL832NSA(LCA),,60,2.1,0.5,27,25,270,1.5,0.16,Supplier
CCL,MGC,HL832NSA(LCA),,80,1.8,0.5,28,25,270,1.5,0.16,Supplier
CCL,MGC,HL832NSA(LCA),,100,1.2,0.5,31,28,270,1.5,0.15,Supplier
CCL,MGC,HL832NSA(LCA),,150,1.4,0.5,30,27,270,1.5,0.15,Supplier
CCL,MGC,HL832NSA(LCA),,200,1.2,0.5,31,28,270,1.5,0.15,Supplier
CCL,MGC,HL832NSA(T-LC),,35,3.4,0.8,22,18,270,1.5,0.2,Supplier
CCL,MGC,HL832NSA(T-LC),,40,2.7,0.6,24,20,270,1.5,0.2,Supplier
CCL,MGC,HL832NSA(T-LC),,60,2.2,0.5,26,24,270,1.5,0.2,Supplier
CCL,MGC,HL832NSA(T-LC),,250,1.5,0.5,30,27,270,1.5,0.2,Supplier
CCL,MGC,HL832NSA(T-LC),,300,1.5,0.5,30,27,270,1.5,0.15,Supplier
CCL,MGC,HL832NSA(T-LC),,400,1.5,0.5,30,27,270,1.5,0.15,Supplier
CCL,MGC,HL832NSA(T-LC),,500,0,0,30,27,270,1.5,0.2,Supplier
CCL,MGC,HL832NSA(T-LC),,600,0,0,30,27,270,1.5,0.2,Supplier
CCL,MGC,HL832NSA(T-LC),,700,0,0,30,27,270,1.5,0.15,Supplier
CCL,MGC,HL832NSA(T-LC),,800,0,0,30,27,270,1.5,0.15,Supplier
CCL,MGC,HL832NSA(T-LC),,900,0,0,30,27,270,1.5,0.2,Supplier
CCL,MGC,HL832NSA(T-LC),,1000,0,0,30,27,270,1.5,0.2,Supplier
CCL,MGC,HL830ATR(LCA),,100,4.5,2,35,24,270,1.5,0.18,Supplier
CCL,MGC,HL830ATR(LCA),,200,4.5,2,35,24,270,1.5,0.18,Supplier
CCL,MGC,HL972LF(LD),,40,10,4,25,11,240,1.5,0.2,Supplier
CCL,MGC,HL972LF(LD),,50,12,4,21,10,240,1.5,0.21,Supplier
CCL,MGC,HL972LF(LD),,60,10,4,25,11,240,1.5,0.2,Supplier
CCL,MGC,HL972LF(LD),,80,10,4,25,11,240,1.5,0.2,Supplier
CCL,MGC,HL972LF(LD),,100,10,4,25,11,240,1.5,0.2,Supplier
CCL,MGC,HL972LF(LD),,150,12,4,21,10,240,1.5,0.21,Supplier
CCL,MGC,HL972LF(LD),,200,10,4,25,11,240,1.5,0.2,Supplier
CCL,MGC,HL972LF(LD),,250,10,4,25,11,240,1.5,0.2,Supplier
CCL,MGC,HL972LF(LD),,300,10,4,25,11,240,1.5,0.2,Supplier
CCL,MGC,HL972LF(LD),,400,10,4,25,11,240,1.5,0.2,Supplier
CCL,MGC,HL972LF(LD),,500,0,0,25,11,240,1.5,0.2,Supplier
CCL,MGC,HL972LF(LD),,600,0,0,29,13,240,1.5,0.19,Supplier
CCL,MGC,HL972LF(LD),,800,0,0,29,13,240,1.5,0.19,Supplier
CCL,MGC,HL972LFG,,40,11,4,23,13,200,1.5,0.23,Supplier
CCL,MGC,HL972LFG,,60,11,4,23,13,200,1.5,0.23,Supplier
CCL,MGC,HL972LFG,,100,11,4,23,13,200,1.5,0.23,Supplier
CCL,MGC,HL972LFG,,200,11,4,23,13,200,1.5,0.23,Supplier
CCL,MGC,HL972LFG,,300,11,4,23,13,200,1.5,0.23,Supplier
CCL,MGC,HL972LFG,,400,11,4,23,13,200,1.5,0.23,Supplier
CCL,MGC,HL972LFG,,500,0,0,23,13,200,1.5,0.23,Supplier
CCL,MGC,HL972LFG(LD),,40,10,4,21,11,200,1.5,0.23,Supplier
CCL,MGC,HL972LFG(LD),,60,10,4,21,11,200,1.5,0.23,Supplier
CCL,MGC,HL972LFG(LD),,100,10,4,21,11,200,1.5,0.23,Supplier
CCL,MGC,HL972LFG(LD),,200,10,4,21,11,200,1.5,0.23,Supplier
CCL,MGC,HL972LFG(LD),,300,10,4,21,11,200,1.5,0.23,Supplier
CCL,MGC,HL972LFG(LD),,400,10,4,21,11,200,1.5,0.23,Supplier
CCL,MGC,HL972LFG(LD),,500,0,0,21,11,200,1.5,0.23,Supplier
PPG,MGC,GHPL-830NX(A-IF74),,20,21,9,18,10,200,1.5,0.23,Supplier
PPG,MGC,GHPL-830NX(A-IF78),,25,22,9,17,10,200,1.5,0.23,Supplier
PPG,MGC,GHPL-830NX(A-II71),,30,20,9,19,11,200,1.5,0.22,Supplier
PPG,MGC,GHPL-830NX(A-IA75),,30,21,9,18,10,200,1.5,0.21,Supplier
PPG,MGC,GHPL-830NX(A-II75),,35,21,9,18,10,200,1.5,0.23,Supplier
PPG,MGC,GHPL-830NX(A-IF85),,40,24,9,14,8,200,1.5,0.24,Supplier
PPG,MGC,GHPL-830NX(A-II78),,40,22,9,17,10,200,1.5,0.2,Supplier
PPG,MGC,GHPL-830NX(A-IN74),,40,21,9,18,10,200,1.5,0.23,Supplier
PPG,MGC,GHPL-830NX(A-IN77),,40,22,9,17,10,200,1.5,0.23,Supplier
PPG,MGC,GHPL-830NX(A-IN80),,40,23,9,16,9,200,1.5,0.23,Supplier
PPG,MGC,GHPL-830NX(A-II80),,45,23,9,16,9,200,1.5,0.23,Supplier
PPG,MGC,GHPL-830NX(A-IZ77),,45,22,9,17,10,200,1.5,0.23,Supplier
PPG,MGC,GHPL-830NX(A-IZ79),,50,23,9,16,9,200,1.5,0.23,Supplier
PPG,MGC,GHPL-830NX(A-IQ75),,60,21,9,18,10,200,1.5,0.21,Supplier
PPG,MGC,GHPL-830NX(A-IQ77),,60,22,9,17,10,200,1.5,0.23,Supplier
PPG,MGC,GHPL-830NX(A-IH65),,70,18,8,22,12,200,1.5,0.21,Supplier
PPG,MGC,GHPL-830NX(A-IH68),,70,18,8,21,12,200,1.5,0.21,Supplier
PPG,MGC,GHPL-830NX(A-IT56),,100,15,6,25,14,200,1.5,0.19,Supplier
PPG,MGC,GHPL-830NX(A-IT60),,100,16,7,24,14,200,1.5,0.2,Supplier
PPG,MGC,GHPL-830NX(A-IT64),,100,18,8,22,12,200,1.5,0.2,Supplier
PPG,MGC,GHPL-830NS(SP68),,15,12.5,5,17,10,230,1.5,0.22,Supplier
PPG,MGC,GHPL-830NS(SP71),,15,13,5,16,10,230,1.5,0.22,Supplier
PPG,MGC,GHPL-830NS(SP73),,15,14,5,15,8,230,1.5,0.22,Supplier
PPG,MGC,GHPL-830NS(SP75),,15,14,5,15,8,230,1.5,0.22,Supplier
PPG,MGC,GHPL-830NS(SV59),,15,11.5,5,20,12,230,1.5,0.21,Supplier
PPG,MGC,GHPL-830NS(SV63),,15,12,5,19,11,230,1.5,0.21,Supplier
PPG,MGC,GHPL-830NS(SV65),,15,12,5,18,11,230,1.5,0.21,Supplier
PPG,MGC,GHPL-830NS(SV67),,15,12,5,17,10,230,1.5,0.21,Supplier
PPG,MGC,GHPL-830NS(SV70),,15,13,5,16,10,230,1.5,0.22,Supplier
PPG,MGC,GHPL-830NS(SV72),,15,13.5,5,15,10,230,1.5,0.22,Supplier
PPG,MGC,GHPL-830NS(SF62),,15,12,5,19,11,230,1.5,0.21,Supplier
PPG,MGC,GHPL-830NS(SF66),,15,12,5,17,10,230,1.5,0.21,Supplier
PPG,MGC,GHPL-830NS(SF68),,20,12.5,5,17,10,230,1.5,0.22,Supplier
PPG,MGC,GHPL-830NS(SF70),,20,13,5,16,10,230,1.5,0.22,Supplier
PPG,MGC,GHPL-830NS(SD75),,15,14,5,15,8,230,1.5,0.22,Supplier
PPG,MGC,GHPL-830NS(SF72),,20,13.5,5,15,8,230,1.5,0.22,Supplier
PPG,MGC,GHPL-830NS(SV75),,20,14,5,15,8,230,1.5,0.22,Supplier
PPG,MGC,GHPL-830NS(SD78),,20,15,6,13,7.4,230,1.5,0.23,Supplier
PPG,MGC,GHPL-830NS(SF74),,25,14,5,15,9.5,230,1.5,0.22,Supplier
PPG,MGC,GHPL-830NS(SF76),,25,14,5,14,8,230,1.5,0.22,Supplier
PPG,MGC,GHPL-830NS(SF78),,30,15,6,13,7.4,230,1.5,0.23,Supplier
PPG,MGC,GHPL-830NS(SF80),,30,15,6,13,7.2,230,1.5,0.23,Supplier
PPG,MGC,GHPL-830NS(SI68),,30,12.5,5,17,11,230,1.5,0.22,Supplier
PPG,MGC,GHPL-830NS(SF82),,35,15,6,12,7,230,1.5,0.23,Supplier
PPG,MGC,GHPL-830NS(SI72),,35,13.5,5,15,9.5,230,1.5,0.22,Supplier
PPG,MGC,GHPL-830NS(SI74),,35,14,5,15,8,230,1.5,0.22,Supplier
PPG,MGC,GHPL-830NS(SY67),,35,12,5,17,10,230,1.5,0.21,Supplier
PPG,MGC,GHPL-830NS(SI76),,40,14,5,14,8,230,1.5,0.22,Supplier
PPG,MGC,GHPL-830NS(SN71),,40,13,5,16,10.5,230,1.5,0.22,Supplier
PPG,MGC,GHPL-830NS(SN74),,45,14,5,15,10,230,1.5,0.22,Supplier
PPG,MGC,GHPL-830NS(SQ65),,45,12,5,18,11,230,1.5,0.2,Supplier
PPG,MGC,GHPL-830NS(SI78),,50,15,6,13,7.4,230,1.5,0.2,Supplier
PPG,MGC,GHPL-830NS(SI80),,50,15,6,13,7.2,230,1.5,0.23,Supplier
PPG,MGC,GHPL-830NS(SQ70),,50,13,5,16,10.5,230,1.5,0.22,Supplier
PPG,MGC,GHPL-830NS(SQ73),,60,14,5,15,10,230,1.5,0.22,Supplier
PPG,MGC,GHPL-830NS(SK60),,60,11.5,5,20,12,230,1.5,0.2,Supplier
PPG,MGC,GHPL-830NS(SK62),,60,12,5,19,11,230,1.5,0.2,Supplier
PPG,MGC,GHPL-830NS(SQ75),,70,14,5,15,8,230,1.5,0.22,Supplier
PPG,MGC,GHPL-830NS(SK64),,70,12,5,18,11,230,1.5,0.2,Supplier
PPG,MGC,GHPL-830NS(SN82),,70,15,6,13,7,230,1.5,0.23,Supplier
PPG,MGC,GHPL-830NS(SK66),,80,12,5,17,11,230,1.5,0.2,Supplier
PPG,MGC,GHPL-830NS(SH63),,80,12,5,18,11,230,1.5,0.21,Supplier
PPG,MGC,GHPL-830NS(SH65),,80,12,5,18,11,230,1.5,0.21,Supplier
PPG,MGC,GHPL-830NS(SH67),,90,12,5,17,10,230,1.5,0.2,Supplier
PPG,MGC,GHPL-830NS(SH71),,100,13,5,16,9,230,1.5,0.22,Supplier
PPG,MGC,GHPL-830NS(ST56),,100,10.5,4,22,12,230,1.5,0.18,Supplier
PPG,MGC,GHPL-830NS(SFL70),,20,10.5,4,17,9.2,230,1.5,0.22,Supplier
PPG,MGC,GHPL-830NS(SFL74),,25,12,4,16,8.2,230,1.5,0.22,Supplier
PPG,MGC,GHPL-830NS(SFL76),,25,13,4,15,8,230,1.5,0.23,Supplier
PPG,MGC,GHPL-830NS(SFL78),,30,13,4,14,7.6,230,1.5,0.23,Supplier
PPG,MGC,GHPL-830NS(SIL68),,30,10,4,19,9.8,230,1.5,0.21,Supplier
PPG,MGC,GHPL-830NS(SIL70),,35,10.5,4,17,9,230,1.5,0.22,Supplier
PPG,MGC,GHPL-830NS(SIL72),,35,11,4,17,9,230,1.5,0.22,Supplier
PPG,MGC,GHPL-830NS(SIL74),,35,12,4,16,8,230,1.5,0.2,Supplier
PPG,MGC,GHPL-830NS(SYL67),,35,9.5,4,19,9.8,230,1.5,0.21,Supplier
PPG,MGC,GHPL-830NS(SNL71),,40,11,4,17,8.9,230,1.5,0.22,Supplier
PPG,MGC,GHPL-830NS(SNL74),,45,11.5,4,16,8.2,230,1.5,0.22,Supplier
PPG,MGC,GHPL-830NS(SQL70),,50,10.5,4,17,9,230,1.5,0.22,Supplier
PPG,MGC,GHPL-830NS(SKL56),,50,7.5,3,24,12,230,1.5,0.2,Supplier
PPG,MGC,GHPL-830NS(SKL60),,60,8,3,23,11,230,1.5,0.2,Supplier
PPG,MGC,GHPL-830NS(SKL62),,60,8,3,21,11,230,1.5,0.2,Supplier
PPG,MGC,GHPL-830NS(SKL64),,70,9,4,21,10,230,1.5,0.21,Supplier
PPG,MGC,GHPL-830NS(SHL65),,80,9.5,4,20,11,230,1.5,0.21,Supplier
PPG,MGC,GHPL-830NS(SSL54),,85,7.5,3,24,12,230,1.5,0.2,Supplier
PPG,MGC,GHPL-830NS(SHL71),,100,11,4,17,9,230,1.5,0.22,Supplier
PPG,MGC,GHPL-830NSR(UF66),,15,12,4,19,9,210,1.5,0.21,Supplier
PPG,MGC,GHPL-830NSR(UF68),,20,12,4,19,99,210,1.5,0.21,Supplier
PPG,MGC,GHPL-830NSR(UF70),,20,12,4,18,9,210,1.5,0.22,Supplier
PPG,MGC,GHPL-830NSR(UF74),,25,12,4,16,8,210,1.5,0.22,Supplier
PPG,MGC,GHPL-830NSR(UF76),,25,12,4,16,8,210,1.5,0.22,Supplier
PPG,MGC,GHPL-830NSR(UF78),,30,12,4,14,7,210,1.5,0.22,Supplier
PPG,MGC,GHPL-830NSR(UI72),,35,12,4,17,8,210,1.5,0.22,Supplier
PPG,MGC,GHPL-830NSR(UY68),,35,12,4,19,9,210,1.5,0.21,Supplier
PPG,MGC,GHPL-830NSR(UY70),,35,12,4,18,9,210,1.5,0.22,Supplier
PPG,MGC,GHPL-830NSR(UI76),,40,12,4,16,8,210,1.5,0.22,Supplier
PPG,MGC,GHPL-830NSR(UN71),,40,12,4,18,9,210,1.5,0.22,Supplier
PPG,MGC,GHPL-830NSR(UE64),,40,11,4,21,10,210,1.5,0.21,Supplier
PPG,MGC,GHPL-830NSR(UN74),,45,12,4,16,8,210,1.5,0.22,Supplier
PPG,MGC,GHPL-830NSR(UE67),,45,12,4,19,9,210,1.5,0.21,Supplier
PPG,MGC,GHPL-830NSR(UK63),,65,11,4,21,10,210,1.5,0.21,Supplier
PPG,MGC,GHPL-830NSR(UH67),,80,12,4,19,9,210,1.5,0.21,Supplier
PPG,MGC,GHPL-830NSR(UFL66),,15,7,3,22,10,210,1.5,0.21,Supplier
PPG,MGC,GHPL-830NSR(UFL68),,20,7,3,22,9.9,210,1.5,0.21,Supplier
PPG,MGC,GHPL-830NSR(UFL70),,20,7.5,3,20,9,210,1.5,0.21,Supplier
PPG,MGC,GHPL-830NSR(UFL74),,25,8.5,3,17,8.3,210,1.5,0.22,Supplier
PPG,MGC,GHPL-830NSR(UFL78),,30,9,3,16,7.7,210,1.5,0.23,Supplier
PPG,MGC,GHPL-830NSR(UIL72),,35,8,3,18,9,210,1.5,0.22,Supplier
PPG,MGC,GHPL-830NSR(UYL68),,35,7,3,22,9.9,210,1.5,0.21,Supplier
PPG,MGC,GHPL-830NSR(UYL70),,35,7.5,3,20,9,210,1.5,0.21,Supplier
PPG,MGC,GHPL-830NSR(UNL71),,40,8,3,19,9,210,1.5,0.22,Supplier
PPG,MGC,GHPL-830NSR(UEL64),,40,6.5,3,23,11,210,1.5,0.21,Supplier
PPG,MGC,GHPL-830NSR(UNL74),,45,8.5,3,17,8.3,210,1.5,0.22,Supplier
PPG,MGC,GHPL-830NSR(UEL67),,45,7,3,22,10,210,1.5,0.21,Supplier
PPG,MGC,GHPL-830NSF(FP73),,15,8.3,3,19,10,270,1.5,0.24,Supplier
PPG,MGC,GHPL-830NSF(FP76),,15,8.5,3,17,10,270,1.5,0.24,Supplier
PPG,MGC,GHPL-830NSF(FV63),,15,7,3,23,0,270,1.5,0.22,Supplier
PPG,MGC,GHPL-830NSF(FD68),,15,7.5,3,21,0,270,1.5,0.23,Supplier
PPG,MGC,GHPL-830NSF(FV65),,15,7.2,3,22,12,270,1.5,0.22,Supplier
PPG,MGC,GHPL-830NSF(FD71),,15,8,3,20,0,270,1.5,0.23,Supplier
PPG,MGC,GHPL-830NSF(FV68),,15,7.5,3,21,12,270,1.5,0.23,Supplier
PPG,MGC,GHPL-830NSF(FD75),,15,8.5,3,18,0,270,1.5,0.24,Supplier
PPG,MGC,GHPL-830NSF(FV72),,15,8.2,3,19,10,270,1.5,0.23,Supplier
PPG,MGC,GHPL-830NSF(FV75),,20,8.5,3,18,0,270,1.5,0.24,Supplier
PPG,MGC,GHPL-830NSF(FV78),,25,9,3,16,0,270,1.5,0.24,Supplier
PPG,MGC,GHPL-830NSF(FF67),,15,7.5,3,22,12,270,1.5,0.22,Supplier
PPG,MGC,GHPL-830NSF(FF70),,20,8,3,20,11,270,1.5,0.23,Supplier
PPG,MGC,GHPL-830NSF(FF72),,20,8.2,3,19,10,270,1.5,0.23,Supplier
PPG,MGC,GHPL-830NSF(FF74),,25,8.5,3,18,10,270,1.5,0.24,Supplier
PPG,MGC,GHPL-830NSF(FF78),,30,9,3,16,9,270,1.5,0.24,Supplier
PPG,MGC,GHPL-830NSF(FY67),,35,7.5,3,22,12,270,1.5,0.22,Supplier
PPG,MGC,GHPL-830NSF(FE64),,40,7,3,23,13,270,1.5,0.22,Supplier
PPG,MGC,GHPL-830NSF(FE67),,45,7.3,3,22,12,270,1.5,0.22,Supplier
PPG,MGC,GHPL-830NSF(FK57),,50,6.3,3,26,15,270,1.5,0.2,Supplier
PPG,MGC,GHPL-830NSF(FE70),,50,8,3,20,11,270,1.5,0.23,Supplier
PPG,MGC,GHPL-830NSF(FN78),,50,9,3,16,9,270,1.5,0.24,Supplier
PPG,MGC,GHPL-830NSF(FE74),,55,8.5,3,18,10,270,1.5,0.24,Supplier
PPG,MGC,GHPL-830NSF(FK62),,60,6.8,3,24,14,270,1.5,0.22,Supplier
PPG,MGC,GHPL-830NSF(FX64),,80,7,3,23,13,270,1.5,0.2,Supplier
PPG,MGC,GHPL-830NSF(FPL70),,15,6,2,21,13,270,1.5,0.23,Supplier
PPG,MGC,GHPL-830NSF(FPL73),,15,6.3,2,20,12,270,1.5,0.24,Supplier
PPG,MGC,GHPL-830NSF(FPL76),,15,6.8,2,18,12,270,1.5,0.24,Supplier
PPG,MGC,GHPL-830NSF(FPL78),,15,7,3,17,11,270,1.5,0.24,Supplier
PPG,MGC,GHPL-830NSF(FDL68),,15,5.5,2,23,14,270,1.5,0.22,Supplier
PPG,MGC,GHPL-830NSF(FDL71),,15,6.2,2,20,12,270,1.5,0.23,Supplier
PPG,MGC,GHPL-830NSF(FDL73),,15,6.3,2,20,12,270,1.5,0.24,Supplier
PPG,MGC,GHPL-830NSF(FDL75),,15,6.5,2,19,12,270,1.5,0.24,Supplier
PPG,MGC,GHPL-830NSF(FDL78),,20,7,3,17,11,270,1.5,0.24,Supplier
PPG,MGC,GHPL-830NSF(FFL65),,15,5.2,2,24,15,270,1.5,0.2,Supplier
PPG,MGC,GHPL-830NSF(FFL67),,15,5.5,2,23,14,270,1.5,0.22,Supplier
PPG,MGC,GHPL-830NSF(FFL70),,20,6,2,21,13,270,1.5,0.23,Supplier
PPG,MGC,GHPL-830NSF(FFL72),,20,6.3,2,20,12,270,1.5,0.23,Supplier
PPG,MGC,GHPL-830NSF(FFL74),,25,6.5,2,19,12,270,1.5,0.24,Supplier
PPG,MGC,GHPL-830NSF(FFL76),,25,6.8,2,18,12,270,1.5,0.24,Supplier
PPG,MGC,GHPL-830NSF(FFL78),,30,7,3,17,11,270,1.5,0.24,Supplier
PPG,MGC,GHPL-830NSF(FFL81),,30,7.3,3,15,9,270,1.5,0.24,Supplier
PPG,MGC,GHPL-830NSF(FFL83),,30,7.5,3,14,8,270,1.5,0.24,Supplier
PPG,MGC,GHPL-830NSF(FYL64),,30,5,2,24,15,270,1.5,0.22,Supplier
PPG,MGC,GHPL-830NSF(FYL67),,35,5.5,2,23,14,270,1.5,0.22,Supplier
PPG,MGC,GHPL-830NSF(FYL70),,35,6,2,21,13,270,1.5,0.23,Supplier
PPG,MGC,GHPL-830NSF(FYL72),,35,6.3,2,20,12,270,1.5,0.23,Supplier
PPG,MGC,GHPL-830NSF(FYL74),,35,6.5,2,19,12,270,1.5,0.24,Supplier
PPG,MGC,GHPL-830NSF(FEL64),,40,5,2,24,15,270,1.5,0.22,Supplier
PPG,MGC,GHPL-830NSF(FEL67),,45,5.3,2,23,14,270,1.5,0.22,Supplier
PPG,MGC,GHPL-830NSF(FEL70),,50,6,2,21,13,270,1.5,0.22,Supplier
PPG,MGC,GHPL-830NSF(FEL72),,50,6.3,2,20,12,270,1.5,0.23,Supplier
PPG,MGC,GHPL-830NSF(FEL74),,55,6.5,2,19,12,270,1.5,0.24,Supplier
PPG,MGC,GHPL-830NSF(FEL76),,60,6.8,2,18,12,270,1.5,0.24,Supplier
PPG,MGC,GHPL-830NSF(FKL63),,65,5,2,25,16,270,1.5,0.22,Supplier
PPG,MGC,GHPL-830NSF(FKL67),,75,5.5,2,23,14,270,1.5,0.22,Supplier
PPG,MGC,GHPL-830NSF(FKL69),,80,6,2,21,13,270,1.5,0.22,Supplier
PPG,MGC,GHPL-830NSF(FXL64),,80,5,2,24,15,270,1.5,0.22,Supplier
PPG,MGC,GHPL-830NSF(FXL66),,85,5.3,2,23,14,270,1.5,0.22,Supplier
PPG,MGC,GHPL-830NSF(FSL59),,100,4.5,2,28,17,270,1.5,0.2,Supplier
PPG,MGC,GHPL-830NSA(ADL75),,15,5.2,3.5,18,14,270,1.5,0.2,Supplier
PPG,MGC,GHPL-830NSA(ADL78),,20,5.6,3.5,16,12,270,1.5,0.22,Supplier
PPG,MGC,GHPL-830NSA(ADL80),,25,5.8,3.5,15,12,270,1.5,0.22,Supplier
PPG,MGC,GHPL-830NSA(AFL74),,25,5.2,3.5,18,14,270,1.5,0.22,Supplier
PPG,MGC,GHPL-830NSA(AFL76),,25,5.4,3.5,17,13,270,1.5,0.22,Supplier
PPG,MGC,GHPL-830NSA(AFL78),,30,5.6,3.5,16,12,270,1.5,0.22,Supplier
PPG,MGC,GHPL-830NSA(AYL65),,30,4.2,3,23,19,270,1.5,0.21,Supplier
PPG,MGC,GHPL-830NSA(AYL67),,35,4.5,3,22,18,270,1.5,0.2,Supplier
PPG,MGC,GHPL-830NSA(AEL64),,40,4.2,3,23,19,270,1.5,0.21,Supplier
PPG,MGC,GHPL-830NSA(AEL67),,45,4.5,3,22,18,270,1.5,0.21,Supplier
PPG,MGC,GHPL-830NSA(AEL70),,50,4.8,3,20,16,270,1.5,0.22,Supplier
PPG,MGC,GHPL-830NSA(AEL74),,55,5.2,3.5,18,14,270,1.5,0.22,Supplier
PPG,MGC,GHPL-830NSA(AKL63),,65,4.2,3,23,19,270,1.5,0.21,Supplier
PPG,MGC,GHPL-830NSA(AKL67),,75,4.5,3,22,18,270,1.5,0.2,Supplier
PPG,MGC,GHPL-830NSA(AXL64),,80,4.2,3,23,19,270,1.5,0.21,Supplier
PPG,MGC,GHPL-830NSA(ASL59),,100,4,3,27,22,270,1.5,0.2,Supplier
PPG,MGC,GHPL-830AT(GF68),,15,16,5,25,14,270,1.5,0.22,Supplier
PPG,MGC,GHPL-830AT(GF74),,20,17,6,22,13,270,1.5,0.22,Supplier
PPG,MGC,GHPL-830AT(GF77),,25,17,6,21,12,270,1.5,0.22,Supplier
PPG,MGC,GHPL-830AT(GF80),,30,18,6,19,11,270,1.5,0.23,Supplier
PPG,MGC,GHPL-830ATR(GRFL72),,20,7.5,3,23,13,270,1.5,0.23,Supplier
PPG,MGC,GHPL-830ATR(GRFL76),,25,8,3,21,12,270,1.5,0.2,Supplier
PPG,MGC,GHPL-830ATR(GRFL79),,30,8.5,3,20,11,270,1.5,0.2,Supplier
PPG,MGC,GHPL-830ATR(GRYL70),,35,7.5,3,24,13,270,1.5,0.2,Supplier
PPG,MGC,GHPL-830ATR(GREL65),,40,7,3,26,15,270,1.5,0.2,Supplier
PPG,MGC,GHPL-830ATR(GREL68),,45,7.5,3,25,14,270,1.5,0.2,Supplier
PPG,MGC,GHPL-830ATR(GRKL59),,50,6,2,29,17,270,1.5,0.2,Supplier
PPG,MGC,GHPL-970LF(LDL68),,15,10,4,21,10,240,1.5,0.22,Supplier
PPG,MGC,GHPL-970LF(LDL72),,15,11,4,19,9,240,1.5,0.22,Supplier
PPG,MGC,GHPL-970LF(LDL75),,15,12,4,18,9,240,1.5,0.22,Supplier
PPG,MGC,GHPL-970LF(LFL72),,20,11,4,19,9,240,1.5,0.22,Supplier
PPG,MGC,GHPL-970LF(LPD75),,15,13,5,17,8,240,1.5,0.2,Supplier
PPG,MGC,GHPL-970LF(LPD78),,15,15,5,16,8,240,1.5,0.2,Supplier
PPG,MGC,GHPL-970LF(LFD71),,20,13,5,20,9,240,1.5,0.21,Supplier
PPG,MGC,GHPL-970LF(LFD73),,20,13,5,17,8,240,1.5,0.22,Supplier
PPG,MGC,GHPL-970LF(LFD75),,20,13,5,17,8,240,1.5,0.22,Supplier
PPG,MGC,GHPL-970LF(LFD77),,25,14,5,17,8,240,1.5,0.22,Supplier
PPG,MGC,GHPL-970LF(LFD80),,30,14,5,16,8,240,1.5,0.23,Supplier
PPG,MGC,GHPL-970LF(LFD82),,30,14,5,15,7,240,1.5,0.23,Supplier
PPG,MGC,GHPL-970LF(LID72),,30,13,5,19,9,240,1.5,0.22,Supplier
PPG,MGC,GHPL-970LF(LID75),,35,13,5,17,8,240,1.5,0.22,Supplier
PPG,MGC,GHPL-970LF(LND72),,35,13,5,19,9,240,1.5,0.22,Supplier
PPG,MGC,GHPL-970LF(LID77),,40,14,5,17,8,240,1.5,0.22,Supplier
PPG,MGC,GHPL-970LF(LID79),,40,15,5,16,8,240,1.5,0.23,Supplier
PPG,MGC,GHPL-970LF(LND75),,40,13,5,17,8,240,1.5,0.22,Supplier
PPG,MGC,GHPL-970LF(LND77),,45,14,5,17,8,240,1.5,0.22,Supplier
PPG,MGC,GHPL-970LF(LND80),,50,15,5,16,8,240,1.5,0.23,Supplier
PPG,MGC,GHPL-970LF(LQD71),,50,13,5,20,9,240,1.5,0.21,Supplier
PPG,MGC,GHPL-970LF(LQD74),,55,13,5,17,8,240,1.5,0.22,Supplier
PPG,MGC,GHPL-970LF(LQD76),,60,14,5,17,8,240,1.5,0.22,Supplier
PPG,MGC,GHPL-970LF(LKD68),,70,12,4,21,10,240,1.5,0.21,Supplier
PPG,MGC,GHPL-970LF(LKD71),,80,13,5,20,9,240,1.5,0.21,Supplier
PPG,MGC,GHPL-970LF(LKD73),,85,13,5,17,8,240,1.5,0.22,Supplier
PPG,MGC,GHPL-970LF(LHD71),,90,13,5,20,9,240,1.5,0.21,Supplier
PPG,MGC,GHPL-970LF(LHD73),,100,13,5,17,8,240,1.5,0.22,Supplier
PPG,MGC,GHPL-970LF(LTD59),,100,10,4,25,11,240,1.5,0.2,Supplier
PPG,MGC,GHPL-830SR(RV63),,15,8,3,22,10,160,1.5,0.21,Supplier
PPG,MGC,GHPL-830SR(RV65),,15,8.2,3,21,9,160,1.5,0.21,Supplier
PPG,MGC,GHPL-830SR(RV68),,15,8.5,3,20,9,160,1.5,0.22,Supplier
PPG,MGC,GHPL-830SR(RV72),,15,9.2,3,18,8,160,1.5,0.22,Supplier
PPG,MGC,GHPL-830SR(RV75),,20,9.5,3,16,8,160,1.5,0.23,Supplier
PPG,MGC,GHPL-830SR(RF67),,15,8.5,3,20,9,160,1.5,0.21,Supplier
PPG,MGC,GHPL-830SR(RF70),,20,9,3,19,9,160,1.5,0.22,Supplier
PPG,MGC,GHPL-830SR(RF76),,25,9.7,3,15,8,160,1.5,0.23,Supplier
PPG,MGC,GHPL-830SR(RF78),,30,10.2,3,14,8,160,1.5,0.23,Supplier
PPG,MGC,GHPL-830SR(RE67),,45,8.3,3,21,9,160,1.5,0.21,Supplier
PPG,MGC,GHPL-830SR(RX64),,80,8,3,21,10,160,1.5,0.21,Supplier
PPG,MGC,GHPL-830SR(RPL70),,15,7,2,20,10,160,1.5,0.21,Supplier
PPG,MGC,GHPL-830SR(RPL73),,15,7.3,2,19,9,160,1.5,0.22,Supplier
PPG,MGC,GHPL-830SR(RDL68),,15,6.5,2,21,10,160,1.5,0.21,Supplier
PPG,MGC,GHPL-830SR(RDL71),,15,7.3,2,19,9,160,1.5,0.22,Supplier
PPG,MGC,GHPL-830SR(RDL75),,15,7.7,2,17,9,160,1.5,0.23,Supplier
PPG,MGC,GHPL-830SR(RDL78),,20,8.2,2,15,9,160,1.5,0.23,Supplier
PPG,MGC,GHPL-830SR(RFL70),,20,7,2,20,10,160,1.5,0.22,Supplier
PPG,MGC,GHPL-830SR(RFL76),,25,8,2,16,9,160,1.5,0.23,Supplier
PPG,MGC,GHPL-830SR(RFL78),,25,8.2,2,15,9,160,1.5,0.23,Supplier
PPG,MGC,GHPL-830SR(RYL67),,35,6.3,2,22,10,160,1.5,0.21,Supplier
PPG,MGC,GHPL-830SR(REL67),,45,6.3,2,22,10,160,1.5,0.21,Supplier
PPG,MGC,GHPL-830SR(RKL65),,70,6.2,2,23,11,160,1.5,0.21,Supplier
PPG,MGC,GHPL-830SR(RXL64),,80,6,2,23,11,160,1.5,0.21,Supplier
PPG,MGC,GHPL-970LFG(YF72),,20,14,5,18,9,200,1.5,0.24,Supplier
PPG,MGC,GHPL-970LFG(YF76),,25,15,6,16,8,200,1.5,0.25,Supplier
PPG,MGC,GHPL-970LFG(YF79),,30,15,6,15,7,200,1.5,0.26,Supplier
PPG,MGC,GHPL-970LFG(YI71),,30,14,5,18,9,200,1.5,0.24,Supplier
PPG,MGC,GHPL-970LFG(YI74),,35,14,5,17,8,200,1.5,0.25,Supplier
PPG,MGC,GHPL-970LFG(YI76),,40,15,6,16,8,200,1.5,0.25,Supplier
PPG,MGC,GHPL-970LFG(YN73),,45,14,5,18,8,200,1.5,0.25,Supplier
PPG,MGC,GHPL-970LFG(YN75),,50,15,6,16,8,200,1.5,0.25,Supplier
PPG,MGC,GHPL-970LFG(YN78),,50,15,6,15,7,200,1.5,0.26,Supplier
PPG,MGC,GHPL-970LFG(YQ70),,50,13,5,19,9,200,1.5,0.24,Supplier
PPG,MGC,GHPL-970LFG(YQ73),,55,14,5,18,8,200,1.5,0.25,Supplier
PPG,MGC,GHPL-970LFG(YQ75),,60,15,6,16,8,200,1.5,0.25,Supplier
PPG,MGC,GHPL-970LFG(YK67),,70,13,5,20,10,200,1.5,0.24,Supplier
PPG,MGC,GHPL-970LFG(YK70),,80,13,5,19,9,200,1.5,0.24,Supplier
PPG,MGC,GHPL-970LFG(YT55),,100,10,4,24,13,200,1.5,0.22,Supplier
PPG,MGC,GHPL-970LFG(YT58),,100,11,4,23,13,200,1.5,0.23,Supplier
PPG,MGC,GHPL-970LFG(YFD71),,20,13,5,17,8,200,1.5,0.24,Supplier
PPG,MGC,GHPL-970LFG(YFD73),,20,13,5,16,7,200,1.5,0.24,Supplier
PPG,MGC,GHPL-970LFG(YFD75),,20,14,5,15,7,200,1.5,0.25,Supplier
PPG,MGC,GHPL-970LFG(YFD77),,25,15,6,15,7,200,1.5,0.26,Supplier
PPG,MGC,GHPL-970LFG(YID72),,30,13,5,16,7,200,1.5,0.24,Supplier
PPG,MGC,GHPL-970LFG(YID75),,35,14,5,15,7,200,1.5,0.25,Supplier
PPG,MGC,GHPL-970LFG(YND72),,35,13,5,16,7,200,1.5,0.24,Supplier
PPG,MGC,GHPL-970LFG(YND75),,40,14,5,15,7,200,1.5,0.25,Supplier
PPG,MGC,GHPL-970LFG(YND77),,45,15,5,15,7,200,1.5,0.26,Supplier
PPG,MGC,GHPL-970LFG(YQD71),,50,13,5,17,8,200,1.5,0.24,Supplier
PPG,MGC,GHPL-970LFG(YQD74),,55,13,5,15,7,200,1.5,0.25,Supplier
PPG,MGC,GHPL-970LFG(YQD76),,60,14,6,15,7,200,1.5,0.25,Supplier
PPG,MGC,GHPL-970LFG(YKD68),,70,12,5,18,8,200,1.5,0.24,Supplier
PPG,MGC,GHPL-970LFG( YHD73),,100,13,5,16,7,200,1.5,0.24,Supplier
PPG,MGC,GHPL-970LFG(YTD59),,100,10,4,21,11,200,1.5,0.23,Supplier
PPG,MGC,GHPL-970LFG(YTD62),,100,10,4,21,11,200,1.5,0.23,Supplier
PPG,MGC,GHPL-970FT(TP63),,15,18,4,15,7,210,1.5,0.23,Supplier
PPG,MGC,GHPL-970FT(TP67),,15,20,4,14,6,210,1.5,0.24,Supplier
PPG,MGC,GHPL-970FT(TP71),,15,22,4,14,5,210,1.5,0.25,Supplier
PPG,MGC,GHPL-970FT(TV59),,15,17,4,16,7,210,1.5,0.23,Supplier
PPG,MGC,GHPL-970FT(TV63),,15,18,4,15,7,210,1.5,0.23,Supplier
PPG,MGC,GHPL-970FT(TF64),,20,18,4,15,6,210,1.5,0.23,Supplier
PPG,MGC,GHPL-970FT(TF66),,20,19,4,14,6,210,1.5,0.24,Supplier
PPG,MGC,GHPL-970FT(TF68),,20,20,4,14,6,210,1.5,0.24,Supplier
PPG,MGC,GHPL-970FT(TF71),,25,22,4,14,5,210,1.5,0.25,Supplier
PPG,MGC,GHPL-970FT(TF74),,30,23,4,13,5,210,1.5,0.26,Supplier
PPG,MGC,GHPL-970FT(TI65),,30,19,4,14,6,210,1.5,0.24,Supplier
PPG,MGC,GHPL-970FT(TI68),,35,20,4,14,6,210,1.5,0.24,Supplier
PPG,MGC,GHPL-970FT(TN67),,40,20,4,14,6,210,1.5,0.24,Supplier
PPG,MGC,GHPL-970FT(TN70),,45,21,4,14,5,210,1.5,0.25,Supplier
PPG,MGC,GHPL-970FT(TPD70),,15,21,3,13,4,210,1.5,0.2,Supplier
PPG,MGC,GHPL-970FT(TPD73),,15,23,4,12,4,210,1.5,0.2,Supplier
PPG,MGC,GHPL-970FT(TFD65),,20,19,2,13,5,210,1.5,0.23,Supplier
PPG,MGC,GHPL-970FT(TFD68),,20,20,2,13,5,210,1.5,0.24,Supplier
PPG,MGC,GHPL-970FT(TFD70),,20,21,3,13,4,210,1.5,0.24,Supplier
PPG,MGC,GHPL-970FT(TFD72),,25,22,3,12,4,210,1.5,0.25,Supplier
PPG,MGC,GHPL-970FT(TFD75),,30,23,4,11,4,210,1.5,0.26,Supplier
PPG,MGC,GHPL-970FT(TID66),,30,19,3,13,5,210,1.5,0.24,Supplier
PPG,MGC,GHPL-970FT(TID70),,35,12,3,13,4,210,1.5,0.24,Supplier
PPG,MGC,GHPL-970FT(TND71),,40,22,3,12,4,210,1.5,0.24,Supplier
PPG,MGC,GHPL-970FT(TND73),,45,23,4,12,4,210,1.5,0.25,Supplier
SR,Taiyo,AUS308,,,60,130,4.1,0.18,100,1.5,0.37,Supplier
SR,Taiyo,AUS320,,,60,130,6.2,0.23,114,1.5,0.37,Supplier
SR,Taiyo,AUS320-E,,,60,130,6.2,0.23,120,1.5,0.37,Supplier
SR,Taiyo,AUS410,,,60,150,4.7,0.15,105,1.5,0.37,Supplier
SR,Taiyo,SR1,,,42.5,127.5,6.1,0.19,135,1.5,0.37,Supplier
SR,Taiyo,MG1,,,42.5,127.5,6.1,0.19,135,1.5,0.37,Supplier
SR,Taiyo,SR1-Z,,,42.5,132.5,3.75,0.1,155,1.5,0.37,Supplier
SR,Taiyo,MG1-Z,,,42.5,132.5,3.75,0.1,155,1.5,0.37,Supplier
SR,Taiyo,SR1-A,,,42.5,127.5,6.1,0.19,135,1.5,0.37,Supplier
SR,Taiyo,SR3,,,17.5,75,12.5,0.54,155,1.5,0.37,Supplier
SR,Taiyo,MG3,,,17.5,75,12.5,0.54,155,1.5,0.37,Supplier
SR,Hitachi,FZ-2700GA,,,30,95,3.5,0.25,155,1.5,0.37,Supplier
SR,Hitachi,SR-Q,,,20,98,8.5,0.1,155,1.5,0.37,Supplier
Cu,Cu,Cu,,,17,17,75,75,,8.9,0.34,Supplier
